username,payout,points,total_payout,total_points,total_wus,created_at
b4vo9s9xa9z4,2.68,34714,24.48,298401,10,2026-08-26T13:28:02.557Z
hq7jwvx67od2,9.48,350880,209.36,10599476,78,2026-09-23T13:01:28.670Z
hvndn4fr0nx1,6.19,186742,258.06,8929868,138,2026-06-04T08:01:31.780Z
b8klw9jmue7o,2.66,10000,7.97,46736,5,2026-10-01T10:04:43.712Z
r5xmieoqnse7,2.6,8793,5.23,25529,4,2026-09-26T18:46:54.465Z
xgmk0iaaz3ly,6.46,198084,519.55,25133082,88,2026-08-11T16:34:18.80Z
9t674colyjum,2.6,8368,487.83,2151592,127,2021-06-27T20:38:09.132Z
56a1olr8khzj,21.7,1852679,1572.1,211955860,258,2026-06-29T01:52:44.979Z
esb74z2oav4a,4.64,126814,39.12,672248,23,2026-05-30T17:15:55.631Z
m8csjf7bqftv,4.96,138856,134.19,3539975,104,2026-04-08T01:50:37.505Z
smrni33rglcl,2.57,12590,326.08,1854482,130,2026-04-07T03:33:11.448Z
i21gv5bvgnbs,2.66,10000,121.51,668525,58,2026-03-07T07:46:58.181Z
rnszdu5seyo1,17.92,1166818,6852.58,546752878,11731,2026-03-08T01:53:23.295Z
6q1d4j8owlvz,20.14,1534116,1088.53,100684934,395,2026-04-02T08:32:45.433Z
aza3bevmv2bu,36.35,9669306,11477.95,3003716773,14230,2026-04-06T04:42:03.345Z
2uqvs0x70lg4,2.58,23740,855.99,12375973,620,2026-03-21T07:37:52.863Z
fbxx28cus3z5,25.2,2787002,7446.28,775400065,1278,2026-02-18T22:24:12.404Z
qnl4vbq1nl98,58.91,109680376,71568.72,124662433295,118191,2021-12-23T00:44:33.344Z
m85wqijvn24o,5.25,149717,1644.25,49337386,2057,2026-02-25T19:04:55.245Z
rhc8k90lri6k,5.2,147692,26482.78,1423083849,10662,2022-05-08T12:14:44.38Z
1ormb15evof5,25.26,2807037,1678.5,96398856,533,2026-01-05T04:35:32.417Z
hh3jghr6uf06,2.69,58176,333.26,5617531,146,2025-11-19T04:22:45.206Z
n9s2d82smox6,2.61,23974,1197.98,15635515,683,2025-12-01T21:48:35.46Z
d8rhrr4ovbqh,2.68,21046,6872.73,76299150,3551,2022-08-26T22:55:22.514Z
y0320zs1d7ok,2.61,4528,835.84,6874145,458,2025-11-26T01:36:35.10Z
c0gy8bk3nxst,19.49,1417409,12476.59,1426737265,9373,2025-11-11T22:31:36.195Z
0a1k7hxl4swb,2.6,8368,3399.9,5550203,1500,2020-08-05T12:22:44.964Z
bapj4ru82lnc,36.35,9678044,118059.56,7195508182,12749,2021-03-04T06:07:30.18Z
i2akbhnuo1o5,18.11,1194771,47734.4,983650432,9987,2022-04-03T20:28:43.284Z
29i1oe6kw2uc,11.46,173954,445796.53,555398862,13307,2019-04-12T13:07:15.219Z
d5ksgbqserar,12.0,522258,1104.13,37074902,543,2024-09-29T04:30:48.869Z
ygr5id8etkfz,9.25,335867,4864.08,192480037,1752,2025-09-14T13:57:49.233Z
wkv6kt06cj83,9.54,354400,6331.15,262264099,5575,2025-07-18T05:03:23.376Z
20hh88u8lp2n,2.68,48869,2605.65,49624082,2959,2025-05-16T17:45:23.858Z
gwx5ovkxnrx2,6.09,182214,7010.33,261868184,3232,2025-05-28T10:47:22.838Z
zmf34b4w30av,6.41,195929,8246.86,501609857,5595,2025-05-20T04:28:42.203Z
j8n1x4iocmsb,3.52,19732,9150.93,38064658,3157,2021-02-23T07:29:45.536Z
fk3od0xkihff,24.83,2671152,22204.78,2892619875,8718,2025-04-29T05:09:18.910Z
x3n4p73k71ef,2.7,65505,3062.16,75725043,2494,2025-05-07T03:58:54.171Z
p19vb965by20,3.83,10000,12187.12,48080527,4354,2021-03-09T15:41:06.934Z
f7mc2v6557ka,42.4,18654419,6032.5,669877985,1720,2025-03-22T17:33:47.958Z
por50u1h05ij,2.63,16736,1276.63,6157275,1127,2024-12-10T16:09:51.407Z
zwzusdxr66av,7.04,222976,3845.89,125991534,2089,2025-01-13T20:02:49.61Z
d69hw0irhkuy,2.61,32000,3108.24,81900122,3219,2025-03-14T07:37:39.210Z
j8bgtrjtwre0,21.66,1843792,20700.29,1946169772,4437,2025-02-15T23:48:44.423Z
a3yo34xwlawu,10.73,430257,4064.17,154062917,1618,2025-03-23T16:34:55.968Z
ckvd8q89g10a,2.66,10000,12764.27,285755809,10420,2021-05-22T18:47:19.257Z
zs704nargz31,39.27,1961528,196440.89,4628558009,31390,2021-03-09T13:01:10.611Z
74905rf552y3,18.75,1294048,143215.72,6062772911,23119,2021-05-12T17:21:49.666Z
3s0uohjde29i,2.67,12390,63916.91,1419168614,11795,2021-04-29T09:42:46.1000Z
d6r8fzszceoe,2.6,19389,8526.42,289435566,6240,2024-09-20T16:08:24.905Z
ejbkdi0lbm5o,2.58,14016,2081.94,9759752,1037,2024-09-11T19:03:08.655Z
geqhr24swlun,2.61,22794,8664.81,304473149,8553,2024-11-20T06:45:41.102Z
69bh1ygn3gv7,32.98,6679537,32284.17,6879977277,13452,2024-08-09T22:43:57.397Z
i3ew696jcbft,1.02,44714,5436.33,52222000,2650,2019-04-12T13:08:25.936Z
741zy4c5xhfb,11.25,465295,16110.62,1083839355,9210,2024-07-18T23:06:13.167Z
ie5732ljq0dy,2.6,62743,4908.13,110468396,4801,2024-05-02T13:56:55.965Z
b7ztfz5csnn7,2.62,24418,40824.58,702686257,13777,2021-10-18T00:15:54.784Z
lqu02coijbfu,2.66,17880,8967.39,85079291,9267,2022-03-18T15:27:13.240Z
93t9yqu90rh6,1.17,57328,109566.94,282859472,27063,2019-05-04T05:08:35.457Z
ssv7zl15vrhh,13.46,645264,4673.06,394845819,1122,2024-03-13T03:24:07.512Z
zdj5hox25te9,2.59,6103,1560.84,17721921,901,2024-03-08T10:32:25.362Z
au4bhugfocmb,2.66,36390,4831.24,101808811,3727,2024-03-01T00:05:27.386Z
ewacnspx5uze,2.65,13700,2470.54,32016081,2377,2024-03-01T00:27:38.601Z
ncqso5nq6rys,21.13,1730335,10745.01,385715072,6300,2024-05-04T15:30:02.993Z
jelfe9ks08bj,2.69,33014,4382.89,59877521,4357,2024-03-01T11:02:13.350Z
tnuq7w9h5jrm,2.59,14870,1184.72,5956699,476,2024-02-27T05:27:22.573Z
h33x9scj75lv,1.18,43724,10646.39,176542031,5177,2021-01-05T16:44:27.274Z
5f416eef3ejz,2.6,8368,40143.33,608214546,6715,2021-04-19T19:13:57.109Z
wud3n0sdir6t,2.57,52275,5457.27,84250522,4766,2021-06-09T19:18:13.964Z
r60mngoxlyhq,2.67,14500,1997.54,69114568,529,2024-01-12T17:03:49.537Z
oqxo2iv8p1jm,2.59,18325,4490.07,52808256,4019,2023-12-22T03:20:23.662Z
xydfix2d9cbd,2.6,17420,9822.74,791532890,2603,2023-12-02T17:12:42.929Z
6iqzqarywle2,2.66,10000,2661.05,6853181,1287,2019-05-22T10:35:56.917Z
vyp77dg2iugb,2.67,48736,16508.36,165972546,15780,2021-05-14T15:33:33.339Z
t3hsrxktw5kl,2.61,20510,3972.98,52040560,1841,2023-06-18T19:52:18.994Z
bq9hv4545cp0,2.66,10000,4609.03,23431542,2088,2021-11-04T23:13:17.87Z
f49yk8oioxoc,2.58,23690,10063.85,79177895,3977,2021-05-04T02:46:53.527Z
x4vqjx82wrjp,2.6,8368,2866.84,14199318,1995,2023-04-17T07:54:57.588Z
gh0p9k4x0qj8,2.65,64064,6930.42,123827330,3319,2023-04-04T06:54:07.683Z
wxaoxfufvkwg,2.57,14719,17846.65,173502678,12940,2021-05-18T19:04:24.211Z
23488a39arz2,2.69,51948,6561.1,403444889,4835,2023-02-10T06:45:59.132Z
h4u9ae51yysp,2.6,18368,6516.41,106459133,7819,2023-03-14T00:49:17.585Z
7umtaoom1kvq,2.6,62769,6266.96,86923176,3271,2023-03-20T20:14:39.636Z
83a9ty2os0v2,9.36,343148,20573.16,758880351,5291,2023-03-11T13:02:10.940Z
g3y6qiv9o2fy,2.61,18435,13126.16,85240436,4010,2021-05-14T00:04:18.864Z
rwyxcpuqkkja,2.67,43472,15980.5,165578367,26189,2021-11-10T10:20:22.571Z
vtk3fpe21hwf,2.64,32360,9540.63,154983892,5287,2023-02-02T06:57:10.9Z
9vm72zf0m4it,2.68,34714,16559.94,587557050,7063,2021-05-18T16:49:23.527Z
wfmbycsd38ar,1.09,8368,220308.31,467903965,125378,2019-06-24T01:03:25.300Z
xsrs4a3t7l59,13.84,681019,8252.55,490268359,3915,2022-04-03T01:27:22.729Z
4nl4ibe0n7md,2.6,44679,7771.37,166867914,5317,2022-12-10T20:46:12.679Z
0pysfjhherp3,2.66,10000,877.06,5254591,509,2022-11-23T15:06:51.291Z
m6w1m3uv57rw,2.66,10000,1698.03,4670462,844,2022-01-10T11:37:38.523Z
3fa8l55d4mbd,2.65,16862,4180.97,26842432,1900,2022-11-21T06:15:01.867Z
38bnhn21zp68,2.62,24390,24423.1,365260707,7703,2021-05-17T14:14:25.152Z
454y44canjky,25.43,2863718,66577.38,4888271430,15232,2022-12-06T22:36:25.280Z
vfsfjgl7b22f,20.72,1645311,76004.1,5177443063,20489,2022-12-14T15:35:54.996Z
0wooklbn5r88,17.78,1145028,54946.7,2431979707,14288,2022-11-14T11:41:18.513Z
9vooi6o0sn6x,18.11,1194771,16953.23,905882287,7789,2022-11-06T17:05:22.209Z
pr3t1r8kcmmf,2.57,19188,7915.59,73678044,2909,2022-10-21T17:35:58.617Z
3ps2h8izdr47,2.69,22310,9171.27,146071632,11643,2022-01-14T04:21:06.71Z
qz57xamihhtk,2.67,13046,5622.44,36135784,2579,2022-09-02T22:41:59.334Z
vtt769x9jjze,8.32,286044,7977.98,280217027,1745,2022-11-05T05:57:32.594Z
15tepfil5x7u,8.2,279483,65206.6,6306049823,20778,2022-09-28T17:41:58.932Z
id6hhe9g82fg,2.57,46693,47473.87,1102401289,91367,2022-09-06T10:25:13.717Z
tpfbsetosyx0,21.22,1749575,133337.27,16915020220,30828,2022-08-24T19:46:45.236Z
31d40way2bdw,5.97,177157,34473.19,557124717,13378,2022-03-06T20:26:38.101Z
mlydhi3bwhg5,2.68,31119,2225.64,19258978,1028,2022-06-05T20:50:11.612Z
h1ifwvc2l9cr,1.6,91019,26904.59,188565191,5499,2021-01-10T14:54:35.801Z
f91k4316xoe8,2.74,67038,757.81,10166280,314,2022-05-03T02:37:09.491Z
pzntncl0u74a,2.6,42144,43718.76,1263269721,8491,2022-04-03T17:29:33.811Z
tw4flq9e6bs5,2.68,57984,8598.26,93511879,3429,2022-04-04T22:05:05.577Z
f9hagxhw0ydv,28.9,4245218,120816.14,9182630710,25963,2022-03-31T19:54:10.479Z
z7djjsaveghj,6.12,183570,9451.9,104297476,2012,2022-06-01T22:46:00.725Z
m2xez99gxr38,2.73,66714,30743.06,647439429,15477,2022-05-01T08:47:50.432Z
i5ocaz2wgfbt,15.91,900410,45155.91,1535505662,7741,2022-03-30T04:52:01.122Z
da0r3tem408f,2.66,10000,5861.92,12965239,3354,2022-04-03T05:45:24.949Z
dbs5x9llwhyf,43.53,21070427,132589.69,16741233695,34419,2022-05-25T05:39:28.216Z
9s1tyhw246jf,2.57,46652,10622.83,108763889,6242,2022-03-30T19:49:03.340Z
4cmp1ke9bs04,2.57,58526,1568.05,15771259,374,2022-01-08T21:31:45.636Z
zrwhed5k4cnd,2.6,8368,2019.21,4577288,1606,2022-01-06T02:27:19.964Z
b9soh7hga3lt,14.08,703886,9334.6,446232786,3713,2022-03-09T14:34:59.92Z
wuf80xzweatg,2.63,47968,4248.88,33228153,1571,2022-02-22T04:40:46.839Z
tdb0k3us1r2e,2.61,10845,2877.19,10874729,1272,2022-02-09T04:41:36.158Z
gwxs18xgv9ke,15.69,874889,43902.37,1334426783,8228,2022-01-06T12:06:56.812Z
k210pbyzbo6e,5.23,148729,45816.99,699369819,14481,2022-01-26T16:11:47.10Z
hxfp0psijq8x,2.66,10000,3985.13,33043396,3090,2022-01-04T16:41:38.548Z
i4cjaimr8hd0,2.67,16987,16348.95,233065571,21702,2022-03-09T21:18:51.905Z
ax0hege8iha0,2.58,14811,8755.4,96816797,5012,2022-01-03T15:14:37.287Z
uen9c5keupfg,2.61,15782,9522.12,120151817,1719,2021-11-11T02:42:31.17Z
ggb49qwhbac9,2.59,62582,6085.85,91365314,3738,2021-11-18T14:17:27.660Z
06um8qpj22yw,2.6,33612,10224.75,87684110,4077,2021-10-30T09:14:30.804Z
xu41tzl84nox,4.07,107926,35693.6,598875354,8506,2021-12-04T22:17:39.915Z
tkcbqi23gncs,2.57,18175,6637.12,45832785,3106,2021-10-31T16:53:31.539Z
w10slnhc6ebo,2.6,56160,6838.06,83843891,3064,2021-12-15T12:04:12.606Z
cdfjby1uimik,2.69,23472,39784.67,2128553240,13859,2021-11-25T19:34:17.151Z
p73y82ph8u3k,9.0,322842,17186.59,389429312,9478,2021-12-09T01:49:31.534Z
2u6jshh3gvh2,10.34,403711,27828.98,409902971,6350,2021-11-02T14:49:42.638Z
top93vqgbe6q,13.56,654184,76265.02,1824955212,6034,2021-11-01T22:05:33.761Z
gfm9d78441zg,4.37,118000,977.49,15406829,414,2021-08-23T02:21:07.298Z
g325jifo8sel,2.66,10000,1804.68,5892504,1430,2021-08-12T06:34:06.983Z
my6807r1nwsl,2.6,22692,4537.52,36891090,1119,2021-07-20T22:18:09.269Z
0h6agtx029f2,2.61,32000,3733.7,33616841,2120,2021-08-21T21:13:38.27Z
unw0weyndxbf,2.68,23410,3690.08,17318263,1787,2021-10-07T20:23:03.114Z
o9bkpzqoib42,2.64,60350,5605.45,73603661,5206,2021-10-13T15:59:58.238Z
svbvbb6d8epo,6.13,184086,14534.68,243929947,4243,2021-10-21T17:41:13.925Z
ye4f559rjpxu,4.27,114471,15649.41,194161701,4420,2021-06-28T00:00:25.334Z
5iwxp4r5sf0h,18.72,1289826,86002.93,2901036851,19265,2021-09-13T17:33:24.94Z
jnicl5y4vc31,2.6,8368,8126.47,37821935,6528,2021-07-01T15:30:39.628Z
4yzt5b94bdh8,2.68,43531,5122.44,150909323,929,2021-06-14T09:36:09.773Z
umjnchmzb83n,4.93,137497,6759.4,68518805,1524,2021-06-25T02:39:08.720Z
4r3oqarr8x9y,11.29,468430,36183.66,719507078,6295,2021-06-22T21:26:13.348Z
afnk0rcdibwu,4.47,24610,20200.52,115251588,4836,2021-06-02T18:18:37.177Z
4u49ue8ipren,1.33,8368,6224.03,69077133,5507,2021-06-08T02:26:05.909Z
xxuzkt7xjxii,2.6,8368,5024.72,9785688,2656,2021-05-22T07:03:54.329Z
48zqvt174x0c,46.11,27835711,128570.7,27462858937,42099,2021-05-28T19:58:10.829Z
sij580pemsyl,26.54,3252166,68506.3,6512584322,11263,2021-05-28T13:59:49.849Z
4ylkjv4wgp43,2.68,21037,15923.1,121073497,6057,2021-05-28T07:08:34.840Z
8p2sfhi1c29s,33.59,1576571,207862.73,5181543771,14655,2021-06-06T22:44:21.301Z
ozti4wt5r5e1,1.52,67983,23613.05,389438825,15869,2021-05-13T12:28:37.116Z
7s1ujpce1m9o,4.61,8368,6837.08,12283956,1598,2021-05-19T14:17:45.102Z
ag86ilufpmi4,2.66,10000,4749.41,14755757,2176,2021-05-19T00:27:12.713Z
3c2h3z6nhbo0,2.63,24433,32253.78,568328934,4539,2021-05-19T14:10:53.669Z
dfkxloyq5ubi,2.67,26300,9968.22,142209317,5467,2021-05-22T14:44:16.538Z
tr3rlyikz4p7,4.25,114001,17019.33,480683256,4112,2021-05-24T17:27:01.846Z
5f8hj46i3e1c,3.33,84505,17876.16,197398401,6567,2021-05-25T04:27:17.226Z
bdj5fc1myzi9,2.67,61196,12510.24,98178682,10378,2021-05-25T04:26:38.486Z
51hv144olm9d,2.58,21313,17709.24,156728338,4499,2021-05-16T08:24:26.349Z
x727h6ian72o,2.64,25941,28674.83,387730420,15709,2021-05-13T03:23:38.407Z
odh2ldvvfqx4,20.67,1636296,1648.14,46046208,699,2021-05-11T08:24:32.467Z
texl3uo1lkpq,2.61,32000,3644.77,17781075,1655,2021-05-05T14:03:04.349Z
rznb17u9kvtj,2.67,19948,4359.58,22742372,1801,2021-05-06T16:20:59.719Z
kns836oszo9t,2.65,19748,1464.15,5238417,535,2021-05-10T14:37:56.269Z
xmyech2oa0u7,3.56,8368,11897.45,53952515,5427,2021-05-09T05:36:20.487Z
lojt47uw1je3,18.66,632569,73934.19,1361458618,6523,2021-05-04T16:07:22.156Z
5abvq4pdtj5q,39.47,2180491,116341.12,4395479532,15834,2021-05-11T01:01:04.468Z
33zjmbm1rvuj,3.69,92861,31369.4,403051321,18496,2021-05-04T15:39:22.443Z
tcmvxhhzb0ti,2.68,34714,12823.03,91261331,2205,2021-05-02T10:17:22.335Z
mhekmwve499k,2.64,48032,14431.98,112991195,4964,2021-05-06T14:56:59.904Z
ojn9ky07jwa0,2.66,10000,925.09,3042471,235,2021-05-04T05:16:32.7Z
u8tmvaofzdff,2.71,66187,47435.9,743753114,6470,2021-05-02T12:12:52.358Z
pyqj3e6vo63g,4.36,54016,48254.31,322099033,6595,2021-05-02T16:19:42.1Z
eno6ng00vp6p,9.49,153734,40998.57,375098342,2733,2021-05-04T03:55:35.26Z
zoyp8i4yyhy7,4.49,58266,27486.33,177277124,4305,2021-04-30T14:19:41.560Z
7v4glcqprwj5,2.61,20510,15031.76,98157669,3869,2021-04-21T22:43:21.684Z
6hvkkgcyh9yo,6.62,92341,23373.94,173587854,5064,2021-04-30T22:33:40.520Z
8r3sbc5f3di1,3.45,24694,56331.67,532828445,7558,2021-04-30T18:52:56.574Z
36hfcecyrnkn,11.06,264297,17179.6,191853462,4192,2021-04-28T12:04:44.214Z
swbk4xcha3lj,2.57,46574,13809.54,188554165,6566,2021-04-28T08:04:47.615Z
di5ztsgjln1v,17.62,1122929,3304.78,151831296,515,2021-02-27T04:30:54.211Z
vvvh4t7n8jj3,4.48,54867,17114.59,100140174,3710,2021-04-27T14:29:25.243Z
mlkuioy9k45z,10.95,180708,22367.6,287026322,4161,2021-04-13T06:56:38.256Z
hz1vsfgci5gx,2.62,50587,21593.74,133716544,5235,2021-03-07T19:17:39.619Z
k8xi95dxgscm,1.26,19196,18836.19,542008829,6087,2021-04-19T03:29:34.431Z
fs6x1k4mfh0x,2.66,22033,6229.43,29730185,2425,2021-04-19T06:37:38.749Z
yf14fzug1oh5,6.36,96371,30700.87,243106825,8962,2021-04-22T03:38:45.13Z
6b8t8m942sl6,2.6,8368,4393.45,7016963,1758,2021-04-10T18:07:10.688Z
760w5aocziq6,20.82,762622,103024.3,2898488419,14952,2021-04-24T13:45:00.296Z
kj8wf1pd1vr2,2.6,18368,125218.39,4982008656,29919,2021-04-09T04:51:31.738Z
ka5u8ehl458m,12.41,4566820,15440.7,460020882,4157,2021-03-21T00:41:55.579Z
8wsi6qyh0wn0,2.7,15489,3254.27,11805492,1115,2021-02-21T18:31:23.714Z
2yv6yb9l4qo0,2.69,18100,7116.02,26881145,2675,2021-03-10T09:38:07.242Z
i7yt6onlz3o1,2.18,111796,12223.32,203430922,4675,2021-03-10T11:53:01.916Z
am2xyoisccj6,4.81,61597,35197.39,238243909,8849,2021-03-18T15:13:54.381Z
7m72i1400asm,14.81,777930,77603.83,2476771520,9309,2021-02-20T22:21:40.840Z
ag6knfpuv4lt,3.22,81273,13451.89,172336994,2011,2021-02-17T02:56:25.861Z
kujkm6rhxt14,2.58,25380,8918.42,41119698,4100,2021-03-08T23:59:50.310Z
ibx219oml7ca,19.43,1313509,44666.36,1433074259,18490,2021-03-01T02:32:36.208Z
t9rwv99c7mh8,26.72,1445179,134723.47,4498555461,13026,2021-03-08T12:23:56.60Z
uqf9osefolxs,2.6,8368,4933.06,14604555,1461,2021-01-15T12:08:30.699Z
jmiz6h7r8zc6,36.05,9356885,31264.22,350259341,3835,2020-07-20T04:40:33.481Z
0lfhpuft530r,4.71,10000,7854.76,9313559,1379,2021-02-09T15:20:46.436Z
qbdaq76jfnyz,2.6,8368,9572.77,43387933,5145,2020-06-29T11:52:55.235Z
7veednnzsc1c,3.02,75189,29648.17,321999653,17011,2021-02-10T17:55:14.70Z
iac2tehlbynk,2.7,61810,43195.67,1070379624,13077,2020-10-04T02:23:02.602Z
o5ta9ogpkvgw,1.21,28325,37435.7,199177277,18057,2019-04-12T17:10:10.941Z
iyc9fn7poklc,2.63,40030,12335.27,49150738,8005,2020-05-01T04:44:29.715Z
ev46pllkvy6p,11.34,2323015,259969.52,7672163600,27782,2020-05-05T23:03:42.312Z
rpvi8jm5bag9,3.7,44752,130897.94,149864607,15207,2019-07-05T02:12:00.604Z
ugl1amz7cfoe,1.08,21255,35070.1,77242957,5371,2019-06-06T10:37:22.204Z
ps5hegw892mg,5.12,34714,23292.8,66050618,2343,2019-04-13T13:18:22.602Z
cyziwojih9u5,5.91,17255,72597.38,36899206,4833,2019-04-12T13:10:03.841Z
impuxq6rtw1n,1.13,27203,10657.66,125386430,6418,2019-04-17T00:29:37.969Z
0ukw705ipmtp,1.63,13320,33451.09,32746194,24886,2019-07-10T01:36:21.861Z
alzwi0b7lu03,29.42,964909,749524.93,6394856182,21375,2019-04-14T17:48:27.203Z
2izoa898ixns,1.19,55612,102372.14,431102174,6911,2019-07-07T21:54:18.158Z
vpjc9f5fudw7,2.6,8368,4032.76,7788435,2292,2019-04-12T15:39:29.364Z
72h8fo3zpb5m,16.79,1009582,39775.38,2135491056,3452,2019-06-01T04:55:45.626Z
1n7t8823hjtd,3.64,165943,297254.3,1739029967,175791,2019-09-21T14:54:27.194Z
j32tdsy1y8ky,2.63,60064,17207.61,334822463,6391,2019-04-23T00:42:08.152Z
0i0vji1um8l7,2.67,57729,46744.81,982711830,6239,2019-04-27T16:25:35.356Z
