Fold_date,Total_points,Total_Folders
30-Jul-2024 12 UTC,15350.7,1805
30-Jul-2024 00 UTC,15883.41,1819
29-Jul-2024 12 UTC,15626.89,1812
29-Jul-2024 00 UTC,14765.85,1744
28-Jul-2024 12 UTC,15497.2,1788
28-Jul-2024 00 UTC,15368.08,1754
27-Jul-2024 12 UTC,15232.32,1775
27-Jul-2024 00 UTC,15437.87,1813
26-Jul-2024 12 UTC,15241.17,1811
26-Jul-2024 00 UTC,14848.48,1747
25-Jul-2024 12 UTC,14897.65,1786
25-Jul-2024 00 UTC,15063.22,1812
24-Jul-2024 12 UTC,15513.18,1875
24-Jul-2024 00 UTC,15415.08,1830
23-Jul-2024 12 UTC,15574.9,1855
23-Jul-2024 00 UTC,15614.6,1858
22-Jul-2024 12 UTC,14864.48,1627
22-Jul-2024 00 UTC,14881.34,1577
21-Jul-2024 12 UTC,15127.14,1711
21-Jul-2024 00 UTC,14971.37,1731
20-Jul-2024 12 UTC,15145.79,1769
20-Jul-2024 00 UTC,15556.89,1814
19-Jul-2024 12 UTC,15721.2,1837
19-Jul-2024 00 UTC,15836.07,1891
18-Jul-2024 12 UTC,15630.26,1870
18-Jul-2024 00 UTC,15137.47,1776
17-Jul-2024 12 UTC,15193.91,1849
17-Jul-2024 00 UTC,15398.78,1860
16-Jul-2024 12 UTC,15289.46,1896
15-Jul-2024 00 UTC,15949.34,1929
14-Jul-2024 12 UTC,15716.89,1925
14-Jul-2024 00 UTC,16358.6,1988
13-Jul-2024 12 UTC,15829.25,1930
13-Jul-2024 00 UTC,15515.51,1846
12-Jul-2024 12 UTC,15613.54,1886
12-Jul-2024 00 UTC,16080.42,1860
11-Jul-2024 12 UTC,14847.54,1719
11-Jul-2024 00 UTC,15414.07,1816
10-Jul-2024 12 UTC,15662.16,1846
10-Jul-2024 00 UTC,15285.44,1840
09-Jul-2024 00 UTC,15317.41,1870
08-Jul-2024 12 UTC,15709.28,1896
08-Jul-2024 00 UTC,15989.4,1848
07-Jul-2024 12 UTC,15457.48,1772
07-Jul-2024 00 UTC,16336.69,1879
06-Jul-2024 12 UTC,15477.36,1865
06-Jul-2024 00 UTC,15654.56,1859
05-Jul-2024 12 UTC,15703.62,1868
05-Jul-2024 00 UTC,16594.55,1928
04-Jul-2024 12 UTC,16037.22,1842
04-Jul-2024 00 UTC,16541.69,1889
03-Jul-2024 12 UTC,16460.72,1899
03-Jul-2024 00 UTC,24304.2,2318
02-Jul-2024 12 UTC,0,0
02-Jul-2024 00 UTC,54667.43,5761
01-Jul-2024 12 UTC,0,0
01-Jul-2024 00 UTC,0,0
30-Jun-2024 12 UTC,0,0
30-Jun-2024 00 UTC,0,0
29-Jun-2024 12 UTC,0,0
29-Jun-2024 00 UTC,0,0
28-Jun-2024 12 UTC,16236.95,1871
28-Jun-2024 00 UTC,16190.15,1826
27-Jun-2024 12 UTC,16106.86,1852
27-Jun-2024 00 UTC,16403.67,1908
26-Jun-2024 12 UTC,20066.91,2966
26-Jun-2024 00 UTC,23296.42,3878
25-Jun-2024 12 UTC,23347.79,3956
25-Jun-2024 00 UTC,21737.99,3709
24-Jun-2024 12 UTC,22724.8,3947
24-Jun-2024 00 UTC,23283.21,4020
23-Jun-2024 12 UTC,21284.26,3470
23-Jun-2024 00 UTC,21849.82,3469
22-Jun-2024 12 UTC,18430.67,2543
22-Jun-2024 00 UTC,16294.86,1828
21-Jun-2024 12 UTC,16449.55,1858
21-Jun-2024 00 UTC,19645.22,2827
20-Jun-2024 12 UTC,21815.62,3446
20-Jun-2024 00 UTC,22290.46,3536
19-Jun-2024 12 UTC,21527.07,3470
19-Jun-2024 00 UTC,21139.3,3413
18-Jun-2024 12 UTC,24844.9,3701
18-Jun-2024 00 UTC,25355.95,3496
17-Jun-2024 12 UTC,25619.21,3620
17-Jun-2024 00 UTC,25648.5,3556
16-Jun-2024 12 UTC,25153.05,3481
16-Jun-2024 00 UTC,25241.89,3519
15-Jun-2024 12 UTC,25419.75,3656
15-Jun-2024 00 UTC,26100.21,3874
14-Jun-2024 12 UTC,25851.67,3890
14-Jun-2024 00 UTC,25732.71,3857
13-Jun-2024 12 UTC,25269.33,3759
13-Jun-2024 00 UTC,24773.8,3554
12-Jun-2024 12 UTC,23279.37,3012
12-Jun-2024 00 UTC,22389.7,2815
11-Jun-2024 12 UTC,21584.79,2430
11-Jun-2024 00 UTC,22280.41,2508
10-Jun-2024 12 UTC,29483.01,3043
09-Jun-2024 00 UTC,0,0
08-Jun-2024 12 UTC,0,0
08-Jun-2024 00 UTC,0,0
07-Jun-2024 12 UTC,26847.37,3934
07-Jun-2024 00 UTC,27623.22,3972
06-Jun-2024 12 UTC,28096.86,4086
06-Jun-2024 00 UTC,27862.1,4136
05-Jun-2024 12 UTC,28104.87,4170
05-Jun-2024 00 UTC,28248.9,4244
04-Jun-2024 12 UTC,27139.29,3693
04-Jun-2024 00 UTC,22736.23,2409
03-Jun-2024 12 UTC,28888.94,4330
03-Jun-2024 00 UTC,28341.69,4240
02-Jun-2024 12 UTC,45063.09,5839
01-Jun-2024 12 UTC,26492.6,3659
01-Jun-2024 00 UTC,22715.05,2418
31-May-2024 12 UTC,22566.11,2420
31-May-2024 00 UTC,22599.29,2413
30-May-2024 12 UTC,23686.78,2909
30-May-2024 00 UTC,27674.23,3909
29-May-2024 12 UTC,27569.13,3878
29-May-2024 00 UTC,27465.18,3906
28-May-2024 12 UTC,27516.3,3866
28-May-2024 00 UTC,27205.4,3858
27-May-2024 12 UTC,27026.66,3868
27-May-2024 00 UTC,26990.95,3749
26-May-2024 12 UTC,26208.01,3630
26-May-2024 00 UTC,26994.9,3813
25-May-2024 12 UTC,27772.79,4189
25-May-2024 00 UTC,28318.55,4274
24-May-2024 12 UTC,27849.24,4085
24-May-2024 00 UTC,27218.74,3936
23-May-2024 12 UTC,28406.33,4056
23-May-2024 00 UTC,28728.14,4123
22-May-2024 12 UTC,27528.58,3970
22-May-2024 00 UTC,29811.01,4342
21-May-2024 12 UTC,30356.51,4612
21-May-2024 00 UTC,30698.22,4653
20-May-2024 12 UTC,32499.3,5244
20-May-2024 00 UTC,31290.11,4689
19-May-2024 12 UTC,32116.87,4998
19-May-2024 00 UTC,32436.75,5169
18-May-2024 12 UTC,32761.35,5270
18-May-2024 00 UTC,32452.49,5249
17-May-2024 12 UTC,24370.94,2674
17-May-2024 00 UTC,24103.98,2577
16-May-2024 12 UTC,23910.96,2571
16-May-2024 00 UTC,24004.05,2573
15-May-2024 12 UTC,23439.67,2638
15-May-2024 00 UTC,24407.07,2639
14-May-2024 12 UTC,23884.54,2665
14-May-2024 00 UTC,24025.63,2639
13-May-2024 12 UTC,23192.57,2549
13-May-2024 00 UTC,23915.57,2657
12-May-2024 12 UTC,20991.53,2355
12-May-2024 00 UTC,20687.44,2332
11-May-2024 12 UTC,19539.57,2285
11-May-2024 00 UTC,21001.27,2421
10-May-2024 12 UTC,20051.44,2237
10-May-2024 00 UTC,20930.11,2291
09-May-2024 12 UTC,21357.85,2313
09-May-2024 00 UTC,21897.59,2348
08-May-2024 12 UTC,21729.48,2328
08-May-2024 00 UTC,21995.47,2364
07-May-2024 12 UTC,21467.32,2329
07-May-2024 00 UTC,21986.55,2324
06-May-2024 12 UTC,20720.32,2227
06-May-2024 00 UTC,22091.7,2313
05-May-2024 12 UTC,21823.82,2316
05-May-2024 00 UTC,22242.13,2364
04-May-2024 12 UTC,21422.34,2284
04-May-2024 12 UTC,21422.34,2284
09-Apr-2024 12 UTC,27992.15,4463
09-Apr-2024 00 UTC,27430.48,4438
08-Apr-2024 12 UTC,27573.38,4482
08-Apr-2024 00 UTC,27975.47,4587
07-Apr-2024 12 UTC,27707.92,4556
07-Apr-2024 00 UTC,27915.08,4582
06-Apr-2024 12 UTC,27684.71,4584
06-Apr-2024 00 UTC,28297.6,4681
05-Apr-2024 12 UTC,29145.4,4925
05-Apr-2024 00 UTC,29116.87,4918
04-Apr-2024 12 UTC,29307.14,5070
04-Apr-2024 00 UTC,30177.54,5206
03-Apr-2024 12 UTC,29937.81,5293
03-Apr-2024 00 UTC,30899.55,5406
02-Apr-2024 12 UTC,31291.31,5517
02-Apr-2024 00 UTC,31499.07,5530
01-Apr-2024 12 UTC,30880.55,5437
01-Apr-2024 00 UTC,30508.37,5441
31-Mar-2024 12 UTC,31469.16,5559
31-Mar-2024 00 UTC,32232.67,5763
30-Mar-2024 12 UTC,29664.35,5328
30-Mar-2024 00 UTC,32129.44,5785
29-Mar-2024 12 UTC,31812.94,5357
29-Mar-2024 00 UTC,32417.34,5426
28-Mar-2024 12 UTC,21966.92,2769
28-Mar-2024 00 UTC,21215.89,2334
27-Mar-2024 12 UTC,20015.71,2190
27-Mar-2024 00 UTC,20986.19,2290
26-Mar-2024 12 UTC,20839.86,2324
26-Mar-2024 00 UTC,21069.67,2291
25-Mar-2024 12 UTC,20471.44,2249
25-Mar-2024 00 UTC,23764.02,3120
24-Mar-2024 12 UTC,25574.24,3731
24-Mar-2024 00 UTC,25496.89,3809
23-Mar-2024 12 UTC,24665.82,3726
23-Mar-2024 00 UTC,24715.41,3766
22-Mar-2024 12 UTC,25684.13,3836
22-Mar-2024 00 UTC,26203.82,3920
21-Mar-2024 12 UTC,26342.88,3997
21-Mar-2024 00 UTC,27495.22,4128
20-Mar-2024 12 UTC,27155.01,4165
20-Mar-2024 00 UTC,28066.53,4268
19-Mar-2024 12 UTC,27216.47,4211
19-Mar-2024 00 UTC,27926.0,4313
18-Mar-2024 12 UTC,26885.65,4203
18-Mar-2024 00 UTC,27463.33,4283
17-Mar-2024 12 UTC,27582.47,4338
17-Mar-2024 00 UTC,28558.84,4449
16-Mar-2024 12 UTC,28181.67,4371
16-Mar-2024 00 UTC,29219.33,4569
15-Mar-2024 12 UTC,28445.65,4465
15-Mar-2024 00 UTC,30082.24,4640
14-Mar-2024 12 UTC,29205.16,4586
14-Mar-2024 00 UTC,29858.91,4574
13-Mar-2024 12 UTC,17730.74,3238
13-Mar-2024 00 UTC,38282.04,5895
12-Mar-2024 12 UTC,41309.63,5886
12-Mar-2024 00 UTC,0,0
11-Mar-2024 12 UTC,21001.22,2313
11-Mar-2024 00 UTC,24689.79,3636
10-Mar-2024 12 UTC,32074.02,5396
10-Mar-2024 00 UTC,33077.38,5475
09-Mar-2024 12 UTC,31821.01,5408
17-Feb-2024 12 UTC,26524.43,2453
17-Feb-2024 00 UTC,25816.23,2447
16-Feb-2024 12 UTC,26368.06,2397
16-Feb-2024 00 UTC,27811.04,2481
15-Feb-2024 12 UTC,27307.18,2480
15-Feb-2024 00 UTC,27566.06,2515
14-Feb-2024 12 UTC,27397.71,2484
14-Feb-2024 00 UTC,27671.59,2519
13-Feb-2024 12 UTC,26925.59,2490
13-Feb-2024 00 UTC,29325.41,2488
12-Feb-2024 12 UTC,29155.25,2429
12-Feb-2024 00 UTC,28873.89,2437
11-Feb-2024 12 UTC,28827.74,2408
11-Feb-2024 00 UTC,28972.13,2442
10-Feb-2024 12 UTC,28796.51,2422
10-Feb-2024 00 UTC,29281.8,2466
09-Feb-2024 12 UTC,29654.78,2561
09-Feb-2024 00 UTC,30447.15,2586
08-Feb-2024 12 UTC,30605.74,2618
08-Feb-2024 00 UTC,30252.08,2597
07-Feb-2024 12 UTC,29749.5,2594
07-Feb-2024 00 UTC,29314.63,2610
06-Feb-2024 12 UTC,29097.46,2587
06-Feb-2024 00 UTC,29833.95,2600
05-Feb-2024 12 UTC,29851.43,2558
05-Feb-2024 00 UTC,28778.78,2424
04-Feb-2024 12 UTC,29448.66,2413
04-Feb-2024 00 UTC,30512.98,2487
03-Feb-2024 12 UTC,29537.75,2446
03-Feb-2024 00 UTC,29687.96,2472
02-Feb-2024 12 UTC,11406.94,999
02-Feb-2024 00 UTC,29992.93,2491
01-Feb-2024 12 UTC,29613.61,2482
01-Feb-2024 00 UTC,30274.52,2521
31-Jan-2024 12 UTC,30153.93,2473
31-Jan-2024 00 UTC,30197.7,2426
30-Jan-2024 12 UTC,30529.89,2412
30-Jan-2024 00 UTC,30762.92,2482
29-Jan-2024 12 UTC,30632.31,2411
29-Jan-2024 00 UTC,29231.55,2308
28-Jan-2024 12 UTC,28877.58,2225
28-Jan-2024 00 UTC,28962.26,2263
27-Jan-2024 12 UTC,27841.65,2181
27-Jan-2024 00 UTC,26799.72,2187
26-Jan-2024 12 UTC,28316.33,2273
26-Jan-2024 00 UTC,28384.78,2279
25-Jan-2024 12 UTC,30061.75,2331
25-Jan-2024 00 UTC,29456.21,2240
24-Jan-2024 12 UTC,27625.78,2066
24-Jan-2024 00 UTC,28207.63,2131
23-Jan-2024 12 UTC,31069.19,2350
23-Jan-2024 00 UTC,32964.82,2465
22-Jan-2024 12 UTC,33224.87,2387
22-Jan-2024 00 UTC,32735.85,2383
21-Jan-2024 12 UTC,33104.58,2348
21-Jan-2024 00 UTC,33533.5,2391
20-Jan-2024 12 UTC,33714.08,2376
20-Jan-2024 00 UTC,33409.12,2413
19-Jan-2024 12 UTC,32946.73,2413
19-Jan-2024 00 UTC,31923.74,2348
18-Jan-2024 12 UTC,28866.0,2171
18-Jan-2024 00 UTC,27670.95,2150
17-Jan-2024 12 UTC,28060.86,2153
17-Jan-2024 00 UTC,28022.22,2152
16-Jan-2024 12 UTC,27810.42,2106
16-Jan-2024 00 UTC,28663.53,2153
15-Jan-2024 12 UTC,27958.14,2076
15-Jan-2024 00 UTC,26900.09,1949
14-Jan-2024 12 UTC,26827.84,2002
14-Jan-2024 00 UTC,27902.71,2096
13-Jan-2024 12 UTC,27667.74,2090
13-Jan-2024 00 UTC,28002.4,2105
12-Jan-2024 12 UTC,27312.04,2059
12-Jan-2024 00 UTC,27457.69,2093
11-Jan-2024 12 UTC,27391.24,2093
11-Jan-2024 00 UTC,27783.53,2219
10-Jan-2024 12 UTC,26655.76,2065
10-Jan-2024 00 UTC,27141.22,2052
09-Jan-2024 12 UTC,27279.64,2039
09-Jan-2024 00 UTC,26601.2,2049
08-Jan-2024 12 UTC,26996.65,2009
08-Jan-2024 00 UTC,26194.77,1952
07-Jan-2024 12 UTC,25735.01,1938
07-Jan-2024 00 UTC,27127.86,2044
06-Jan-2024 12 UTC,26699.21,2039
06-Jan-2024 00 UTC,26384.87,1990
05-Jan-2024 12 UTC,25838.64,1966
05-Jan-2024 00 UTC,26155.74,1991
04-Jan-2024 12 UTC,25586.33,1941
04-Jan-2024 00 UTC,25372.91,1943
03-Jan-2024 12 UTC,25849.39,1979
03-Jan-2024 00 UTC,26296.73,2038
02-Jan-2024 12 UTC,25989.99,2054
02-Jan-2024 00 UTC,26384.76,2045
01-Jan-2024 12 UTC,25766.65,2021
01-Jan-2024 00 UTC,25530.68,1983
31-Dec-2023 12 UTC,25731.67,2001
31-Dec-2023 00 UTC,25167.26,1938
30-Dec-2023 12 UTC,24510.79,1925
30-Dec-2023 00 UTC,25034.06,2028
29-Dec-2023 12 UTC,25615.87,2081
29-Dec-2023 00 UTC,25744.41,2051
28-Dec-2023 12 UTC,25981.28,2083
28-Dec-2023 00 UTC,26429.65,2147
27-Dec-2023 12 UTC,25606.88,2040
27-Dec-2023 00 UTC,25379.69,2027
26-Dec-2023 12 UTC,10737.42,975
26-Dec-2023 00 UTC,26130.13,2049
25-Dec-2023 12 UTC,26799.16,2091
25-Dec-2023 00 UTC,25603.78,1936
24-Dec-2023 12 UTC,25937.7,1940
24-Dec-2023 00 UTC,26689.1,2054
23-Dec-2023 12 UTC,27523.74,2071
23-Dec-2023 00 UTC,28538.1,2197
22-Dec-2023 12 UTC,29554.67,2166
22-Dec-2023 00 UTC,29453.7,2223
21-Dec-2023 12 UTC,29380.53,2146
21-Dec-2023 00 UTC,30290.73,2196
20-Dec-2023 12 UTC,30201.4,2185
20-Dec-2023 00 UTC,29842.73,2223
19-Dec-2023 12 UTC,29757.95,2234
19-Dec-2023 00 UTC,29695.68,2225
18-Dec-2023 12 UTC,29452.02,2222
18-Dec-2023 00 UTC,30544.78,2234
17-Dec-2023 12 UTC,30857.97,2314
17-Dec-2023 00 UTC,30660.29,2333
16-Dec-2023 12 UTC,30669.48,2316
16-Dec-2023 00 UTC,31134.13,2293
15-Dec-2023 12 UTC,30812.25,2251
15-Dec-2023 00 UTC,32011.54,2312
14-Dec-2023 12 UTC,31536.45,2317
14-Dec-2023 00 UTC,31289.4,2277
13-Dec-2023 12 UTC,30933.55,2268
13-Dec-2023 00 UTC,31795.32,2374
12-Dec-2023 12 UTC,31498.2,2318
12-Dec-2023 00 UTC,33402.61,2247
11-Dec-2023 12 UTC,32801.41,2195
11-Dec-2023 00 UTC,31433.39,2152
10-Dec-2023 12 UTC,31801.36,2151
10-Dec-2023 00 UTC,33392.2,2252
09-Dec-2023 12 UTC,30632.47,2125
09-Dec-2023 00 UTC,33706.4,2263
08-Dec-2023 12 UTC,33784.39,2271
08-Dec-2023 00 UTC,33078.11,2251
07-Dec-2023 12 UTC,34411.83,2301
07-Dec-2023 00 UTC,34198.58,2298
06-Dec-2023 12 UTC,36601.38,2465
06-Dec-2023 00 UTC,37835.83,2523
05-Dec-2023 12 UTC,36554.38,2471
05-Dec-2023 00 UTC,37350.27,2481
04-Dec-2023 12 UTC,38826.86,2808
04-Dec-2023 00 UTC,39318.46,2837
03-Dec-2023 12 UTC,42877.55,3254
03-Dec-2023 00 UTC,44418.64,2942
02-Dec-2023 12 UTC,44151.94,3410
02-Dec-2023 00 UTC,44528.21,2907
01-Dec-2023 12 UTC,44836.54,3401
01-Dec-2023 00 UTC,45454.54,2916
30-Nov-2023 12 UTC,44918.42,3410
30-Nov-2023 00 UTC,47248.53,3139
29-Nov-2023 12 UTC,46479.14,3462
29-Nov-2023 00 UTC,46980.13,3166
28-Nov-2023 12 UTC,46268.59,3514
28-Nov-2023 00 UTC,50483.39,3661
27-Nov-2023 12 UTC,50346.37,3941
27-Nov-2023 00 UTC,49353.75,3446
26-Nov-2023 12 UTC,46242.05,3251
26-Nov-2023 00 UTC,47365.88,3156
25-Nov-2023 12 UTC,50341.54,4032
25-Nov-2023 00 UTC,47914.46,3706
24-Nov-2023 12 UTC,47418.41,3865
24-Nov-2023 00 UTC,49845.62,3878
23-Nov-2023 12 UTC,49922.68,4155
23-Nov-2023 00 UTC,49144.93,3714
22-Nov-2023 12 UTC,47195.13,3908
22-Nov-2023 00 UTC,46385.33,3579
21-Nov-2023 12 UTC,43029.21,3555
21-Nov-2023 00 UTC,48392.11,3566
20-Nov-2023 12 UTC,74418.99,4744
20-Nov-2023 00 UTC,20155.55,1606
19-Nov-2023 12 UTC,13954.66,1053
19-Nov-2023 00 UTC,47719.68,3462
18-Nov-2023 12 UTC,14518.87,1103
18-Nov-2023 00 UTC,46086.18,3529
17-Nov-2023 12 UTC,48698.23,4039
17-Nov-2023 00 UTC,47399.17,3499
16-Nov-2023 12 UTC,48054.89,4006
16-Nov-2023 00 UTC,52406.73,3655
15-Nov-2023 12 UTC,42237.71,3712
15-Nov-2023 00 UTC,47856.3,3534
14-Nov-2023 12 UTC,47819.58,3955
14-Nov-2023 00 UTC,48645.37,3550
13-Nov-2023 12 UTC,51365.32,4260
13-Nov-2023 00 UTC,50048.99,3713
12-Nov-2023 12 UTC,49180.03,4139
12-Nov-2023 00 UTC,49962.49,3694
11-Nov-2023 12 UTC,50083.51,4154
11-Nov-2023 00 UTC,49932.39,3915
10-Nov-2023 12 UTC,52484.01,4207
10-Nov-2023 00 UTC,52113.11,3845
09-Nov-2023 12 UTC,51622.78,4181
09-Nov-2023 00 UTC,53145.19,4018
08-Nov-2023 12 UTC,54283.36,4321
08-Nov-2023 00 UTC,52915.77,3971
07-Nov-2023 12 UTC,52045.43,4240
07-Nov-2023 00 UTC,53525.88,4044
06-Nov-2023 12 UTC,52441.97,4256
06-Nov-2023 00 UTC,52073.9,3875
05-Nov-2023 12 UTC,52269.56,4200
05-Nov-2023 00 UTC,53322.95,3876
04-Nov-2023 12 UTC,52517.11,4107
04-Nov-2023 00 UTC,52859.71,4028
03-Nov-2023 12 UTC,58782.67,4639
03-Nov-2023 00 UTC,58796.52,4454
02-Nov-2023 12 UTC,58449.23,4639
02-Nov-2023 00 UTC,58186.23,4404
01-Nov-2023 12 UTC,25250.52,1557
01-Nov-2023 00 UTC,0,0
31-Oct-2023 12 UTC,56911.32,4622
31-Oct-2023 00 UTC,58072.54,4702
30-Oct-2023 12 UTC,58428.86,4773
30-Oct-2023 00 UTC,59686.06,4743
29-Oct-2023 12 UTC,59342.26,4837
29-Oct-2023 00 UTC,57364.01,4672
28-Oct-2023 12 UTC,56675.63,4737
28-Oct-2023 00 UTC,58500.28,4787
27-Oct-2023 12 UTC,56635.88,4719
27-Oct-2023 00 UTC,54595.2,4486
26-Oct-2023 12 UTC,52473.83,4446
26-Oct-2023 00 UTC,49662.61,3738
25-Oct-2023 12 UTC,49210.33,4193
25-Oct-2023 00 UTC,44843.78,3670
24-Oct-2023 12 UTC,43225.25,3482
24-Oct-2023 00 UTC,42123.76,3260
23-Oct-2023 12 UTC,42704.04,3579
23-Oct-2023 00 UTC,46605.41,3743
22-Oct-2023 12 UTC,37460.76,2653
22-Oct-2023 00 UTC,40652.22,2987
21-Oct-2023 12 UTC,43994.0,3276
21-Oct-2023 00 UTC,47765.89,3624
20-Oct-2023 12 UTC,57532.36,4505
20-Oct-2023 00 UTC,56416.58,4072
19-Oct-2023 12 UTC,56631.32,4421
19-Oct-2023 00 UTC,55314.27,4110
18-Oct-2023 12 UTC,58504.48,4620
18-Oct-2023 00 UTC,80434.81,6244
17-Oct-2023 12 UTC,55883.39,4422
17-Oct-2023 00 UTC,57493.27,4213
16-Oct-2023 12 UTC,57410.08,4389
16-Oct-2023 00 UTC,55448.67,4138
15-Oct-2023 12 UTC,56058.08,4568
15-Oct-2023 00 UTC,57394.96,4248
14-Oct-2023 12 UTC,58203.05,4607
14-Oct-2023 00 UTC,60425.94,4428
13-Oct-2023 12 UTC,60470.16,4453
13-Oct-2023 00 UTC,63458.33,4870
12-Oct-2023 12 UTC,60424.46,4457
12-Oct-2023 00 UTC,58885.96,4109
11-Oct-2023 12 UTC,59097.57,4454
11-Oct-2023 00 UTC,55553.01,4022
10-Oct-2023 12 UTC,52388.76,3868
10-Oct-2023 00 UTC,56191.03,4022
09-Oct-2023 12 UTC,55212.73,4307
09-Oct-2023 00 UTC,58164.43,4122
08-Oct-2023 12 UTC,56461.54,4418
08-Oct-2023 00 UTC,56332.15,4063
07-Oct-2023 12 UTC,58941.91,4902
07-Oct-2023 00 UTC,69906.08,7205
06-Oct-2023 12 UTC,73337.55,8164
06-Oct-2023 00 UTC,82079.68,8079
05-Oct-2023 12 UTC,85778.83,8720
05-Oct-2023 00 UTC,85760.01,8459
04-Oct-2023 12 UTC,85437.16,8679
04-Oct-2023 00 UTC,85989.63,8490
03-Oct-2023 12 UTC,84900.74,8686
03-Oct-2023 00 UTC,81935.16,8427
02-Oct-2023 12 UTC,76993.75,7905
02-Oct-2023 00 UTC,81984.64,8446
01-Oct-2023 12 UTC,82724.33,8778
01-Oct-2023 00 UTC,82334.21,8248
30-Sep-2023 12 UTC,80833.82,8575
30-Sep-2023 00 UTC,83655.63,8693
29-Sep-2023 12 UTC,82839.06,8735
29-Sep-2023 00 UTC,83929.68,8942
28-Sep-2023 12 UTC,85888.75,9101
28-Sep-2023 00 UTC,82320.89,8420
27-Sep-2023 12 UTC,86515.21,8874
27-Sep-2023 00 UTC,77312.65,6804
26-Sep-2023 12 UTC,85742.41,8965
26-Sep-2023 00 UTC,85878.88,8894
25-Sep-2023 12 UTC,86381.16,8956
25-Sep-2023 00 UTC,83480.08,8629
24-Sep-2023 12 UTC,97111.61,9764
24-Sep-2023 00 UTC,100777.29,9794
23-Sep-2023 12 UTC,2530.09,126
23-Sep-2023 00 UTC,1681.42,85
22-Sep-2023 12 UTC,99123.82,9803
22-Sep-2023 00 UTC,96614.98,9667
21-Sep-2023 12 UTC,96904.68,9777
21-Sep-2023 00 UTC,99342.12,9723
20-Sep-2023 12 UTC,93442.6,8984
20-Sep-2023 00 UTC,99981.44,9849
19-Sep-2023 12 UTC,103668.75,9826
19-Sep-2023 00 UTC,105907.67,9681
18-Sep-2023 12 UTC,108402.22,9317
18-Sep-2023 00 UTC,128964.93,9532
17-Sep-2023 12 UTC,18572.25,1131
17-Sep-2023 00 UTC,110484.33,9842
16-Sep-2023 12 UTC,101778.34,8684
16-Sep-2023 00 UTC,115935.75,9662
15-Sep-2023 12 UTC,141822.07,8442
15-Sep-2023 00 UTC,87244.22,5044
14-Sep-2023 12 UTC,71360.29,3055
14-Sep-2023 00 UTC,0,0
13-Sep-2023 12 UTC,0,0
13-Sep-2023 00 UTC,136779.25,6952
12-Sep-2023 12 UTC,0,0
12-Sep-2023 00 UTC,153016.58,7913
11-Sep-2023 12 UTC,0,0
11-Sep-2023 00 UTC,147344.86,7592
10-Sep-2023 12 UTC,0,0
10-Sep-2023 00 UTC,108626.87,7924
09-Sep-2023 12 UTC,111149.87,7840
09-Sep-2023 00 UTC,148043.79,8014
08-Sep-2023 12 UTC,0,0
08-Sep-2023 00 UTC,95887.68,6882
07-Sep-2023 12 UTC,95797.16,7068
07-Sep-2023 00 UTC,99750.48,6923
06-Sep-2023 12 UTC,94442.36,6686
06-Sep-2023 00 UTC,86530.46,6755
05-Sep-2023 12 UTC,101514.2,7117
05-Sep-2023 00 UTC,9205.58,877
04-Sep-2023 12 UTC,36318.1,2132
04-Sep-2023 00 UTC,0,0
03-Sep-2023 12 UTC,102881.12,7226
03-Sep-2023 00 UTC,103522.13,7250
02-Sep-2023 12 UTC,107298.02,7060
02-Sep-2023 00 UTC,140249.47,6861
01-Sep-2023 12 UTC,0,0
01-Sep-2023 00 UTC,128945.88,6653
31-Aug-2023 12 UTC,0,0
31-Aug-2023 00 UTC,107215.57,6091
30-Aug-2023 12 UTC,0,0
30-Aug-2023 00 UTC,141879.55,8836
29-Aug-2023 12 UTC,0,0
29-Aug-2023 00 UTC,99258.49,7212
28-Aug-2023 12 UTC,93545.0,7034
28-Aug-2023 00 UTC,81272.37,6077
27-Aug-2023 12 UTC,133944.24,8811
27-Aug-2023 00 UTC,0,0
26-Aug-2023 12 UTC,92470.03,6954
26-Aug-2023 00 UTC,129985.47,7241
25-Aug-2023 12 UTC,0,0
25-Aug-2023 00 UTC,152448.74,9190
24-Aug-2023 12 UTC,0,0
24-Aug-2023 00 UTC,91498.98,6607
23-Aug-2023 12 UTC,90396.53,6527
23-Aug-2023 00 UTC,85109.15,5622
22-Aug-2023 12 UTC,86370.37,6251
22-Aug-2023 00 UTC,85270.64,6065
21-Aug-2023 12 UTC,89575.63,6240
21-Aug-2023 00 UTC,87859.67,6021
20-Aug-2023 12 UTC,86267.27,6170
20-Aug-2023 00 UTC,119031.07,8179
19-Aug-2023 12 UTC,82105.03,5092
19-Aug-2023 00 UTC,0,0
18-Aug-2023 12 UTC,83335.37,6080
18-Aug-2023 00 UTC,88455.75,7120
17-Aug-2023 12 UTC,91652.99,7263
17-Aug-2023 00 UTC,88224.89,6217
16-Aug-2023 12 UTC,83230.22,5930
16-Aug-2023 00 UTC,99513.06,6217
15-Aug-2023 12 UTC,116527.83,6318
15-Aug-2023 00 UTC,0,0
14-Aug-2023 12 UTC,104703.24,7251
14-Aug-2023 00 UTC,123005.65,7179
13-Aug-2023 12 UTC,0,0
13-Aug-2023 00 UTC,89856.77,6086
12-Aug-2023 12 UTC,85674.4,5899
12-Aug-2023 00 UTC,88439.67,6044
11-Aug-2023 12 UTC,88910.57,6056
11-Aug-2023 00 UTC,79812.61,5522
10-Aug-2023 12 UTC,130828.36,7924
10-Aug-2023 00 UTC,0,0
09-Aug-2023 12 UTC,77970.54,5454
09-Aug-2023 00 UTC,131298.25,7957
08-Aug-2023 12 UTC,0,0
08-Aug-2023 00 UTC,79499.29,5489
07-Aug-2023 12 UTC,77849.5,5364
07-Aug-2023 00 UTC,74539.52,5047
06-Aug-2023 12 UTC,76320.89,5472
06-Aug-2023 00 UTC,77879.42,5670
05-Aug-2023 12 UTC,81151.31,5839
05-Aug-2023 00 UTC,86469.61,6062
04-Aug-2023 12 UTC,96836.74,6252
04-Aug-2023 00 UTC,113224.47,6065
03-Aug-2023 12 UTC,0,0
03-Aug-2023 00 UTC,88999.41,6053
02-Aug-2023 12 UTC,89243.09,6154
02-Aug-2023 00 UTC,89864.2,6013
01-Aug-2023 12 UTC,88165.93,6061
01-Aug-2023 00 UTC,85410.14,5723
31-Jul-2023 12 UTC,68889.0,4725
31-Jul-2023 00 UTC,88963.7,6029
30-Jul-2023 12 UTC,138296.61,8553
30-Jul-2023 00 UTC,0,0
29-Jul-2023 12 UTC,85235.37,6198
29-Jul-2023 00 UTC,82753.91,5859
28-Jul-2023 12 UTC,137262.85,8374
28-Jul-2023 00 UTC,0,0
27-Jul-2023 12 UTC,84449.61,6017
27-Jul-2023 00 UTC,82801.06,5851
26-Jul-2023 12 UTC,75684.43,5410
26-Jul-2023 00 UTC,75623.34,5418
25-Jul-2023 12 UTC,79139.96,5438
25-Jul-2023 00 UTC,75732.76,5178
24-Jul-2023 12 UTC,76361.14,5211
24-Jul-2023 00 UTC,76933.32,5031
23-Jul-2023 12 UTC,75240.47,5355
23-Jul-2023 00 UTC,27922.63,1551
22-Jul-2023 12 UTC,159031.65,7515
22-Jul-2023 00 UTC,0,0
21-Jul-2023 12 UTC,0,0
21-Jul-2023 00 UTC,131004.05,7440
20-Jul-2023 12 UTC,0,0
20-Jul-2023 00 UTC,81505.39,5271
19-Jul-2023 12 UTC,134821.3,7780
19-Jul-2023 00 UTC,0,0
18-Jul-2023 12 UTC,82291.72,5551
18-Jul-2023 00 UTC,126065.06,7201
17-Jul-2023 12 UTC,0,0
17-Jul-2023 00 UTC,79965.52,5078
16-Jul-2023 12 UTC,82325.04,5445
16-Jul-2023 00 UTC,80838.15,5201
15-Jul-2023 12 UTC,79695.28,5392
15-Jul-2023 00 UTC,118952.69,6583
14-Jul-2023 12 UTC,0,0
14-Jul-2023 00 UTC,66644.75,4030
13-Jul-2023 12 UTC,67118.22,3952
13-Jul-2023 00 UTC,67425.05,3866
12-Jul-2023 12 UTC,69571.74,4042
12-Jul-2023 00 UTC,70705.89,3825
11-Jul-2023 12 UTC,74124.52,3950
11-Jul-2023 00 UTC,71666.11,3840
10-Jul-2023 12 UTC,67172.19,3593
10-Jul-2023 00 UTC,70499.64,3613
09-Jul-2023 12 UTC,79708.91,4085
09-Jul-2023 00 UTC,69078.44,3756
08-Jul-2023 12 UTC,82123.23,4678
08-Jul-2023 00 UTC,85542.64,5026
07-Jul-2023 12 UTC,92540.79,5549
07-Jul-2023 00 UTC,90691.42,5526
06-Jul-2023 12 UTC,92018.71,5436
06-Jul-2023 00 UTC,86518.87,5062
05-Jul-2023 12 UTC,99106.11,5776
05-Jul-2023 00 UTC,125181.22,6216
04-Jul-2023 12 UTC,0,0
04-Jul-2023 00 UTC,89429.77,4920
03-Jul-2023 12 UTC,87608.31,4777
03-Jul-2023 00 UTC,90166.22,4932
02-Jul-2023 12 UTC,92567.41,5116
02-Jul-2023 00 UTC,92199.48,5094
01-Jul-2023 12 UTC,148388.44,7340
01-Jul-2023 00 UTC,0,0
30-Jun-2023 12 UTC,92645.11,5219
30-Jun-2023 00 UTC,89725.21,5120
29-Jun-2023 12 UTC,101303.8,5624
29-Jun-2023 00 UTC,102880.62,5699
28-Jun-2023 12 UTC,125229.83,5647
28-Jun-2023 00 UTC,0,0
27-Jun-2023 12 UTC,89454.37,5472
27-Jun-2023 00 UTC,86940.74,5183
26-Jun-2023 12 UTC,84351.83,4922
26-Jun-2023 00 UTC,89622.93,4829
25-Jun-2023 12 UTC,99854.74,5615
25-Jun-2023 00 UTC,98290.79,5576
24-Jun-2023 12 UTC,99014.42,5530
24-Jun-2023 00 UTC,96192.36,5334
23-Jun-2023 12 UTC,94890.97,5290
23-Jun-2023 00 UTC,94751.07,5268
22-Jun-2023 12 UTC,95114.79,5320
22-Jun-2023 00 UTC,86947.99,4738
21-Jun-2023 12 UTC,91192.06,4799
21-Jun-2023 00 UTC,89087.99,4625
20-Jun-2023 12 UTC,88171.18,4558
20-Jun-2023 00 UTC,90748.44,4663
19-Jun-2023 12 UTC,161974.01,7670
19-Jun-2023 00 UTC,34279.4,1550
18-Jun-2023 12 UTC,30726.9,1661
18-Jun-2023 00 UTC,110409.46,6241
17-Jun-2023 12 UTC,108873.66,5715
17-Jun-2023 00 UTC,115038.54,5869
16-Jun-2023 12 UTC,112182.05,5569
16-Jun-2023 00 UTC,110181.23,5393
15-Jun-2023 12 UTC,110305.95,5165
15-Jun-2023 00 UTC,175245.24,7687
14-Jun-2023 12 UTC,0,0
14-Jun-2023 00 UTC,105504.81,5191
13-Jun-2023 12 UTC,101181.77,4720
13-Jun-2023 00 UTC,95957.59,4302
12-Jun-2023 12 UTC,103895.66,4492
12-Jun-2023 00 UTC,101547.53,4382
11-Jun-2023 12 UTC,38005.26,1610
11-Jun-2023 00 UTC,104536.9,4410
10-Jun-2023 12 UTC,104736.09,4538
10-Jun-2023 00 UTC,170655.79,6624
09-Jun-2023 12 UTC,0,0
09-Jun-2023 00 UTC,107701.22,4833
08-Jun-2023 12 UTC,106395.27,4609
08-Jun-2023 00 UTC,112197.46,5014
07-Jun-2023 12 UTC,115222.15,4884
07-Jun-2023 00 UTC,109855.48,4428
06-Jun-2023 12 UTC,106030.23,4267
06-Jun-2023 00 UTC,114397.29,4692
05-Jun-2023 12 UTC,108452.83,4357
05-Jun-2023 00 UTC,109083.11,4336
04-Jun-2023 12 UTC,108375.62,4410
04-Jun-2023 00 UTC,108999.69,4571
03-Jun-2023 12 UTC,109682.44,4625
03-Jun-2023 00 UTC,109637.09,4611
02-Jun-2023 12 UTC,99381.18,3903
02-Jun-2023 00 UTC,108111.18,4150
01-Jun-2023 12 UTC,104058.35,3994
01-Jun-2023 00 UTC,101965.22,3747
31-May-2023 12 UTC,103518.87,3861
31-May-2023 00 UTC,104983.3,3963
30-May-2023 12 UTC,171003.95,5318
30-May-2023 00 UTC,0,0
29-May-2023 12 UTC,104600.38,3694
29-May-2023 00 UTC,100626.06,3511
28-May-2023 12 UTC,108672.55,3964
28-May-2023 00 UTC,112251.94,4104
27-May-2023 12 UTC,112356.65,4376
27-May-2023 00 UTC,108977.3,4027
26-May-2023 12 UTC,109797.03,4019
26-May-2023 00 UTC,174447.05,5618
25-May-2023 12 UTC,0,0
25-May-2023 00 UTC,112516.48,4211
24-May-2023 12 UTC,110142.08,4128
24-May-2023 00 UTC,176899.21,5974
23-May-2023 12 UTC,0,0
23-May-2023 00 UTC,112153.96,4387
22-May-2023 12 UTC,110110.77,4323
22-May-2023 00 UTC,119793.14,4393
21-May-2023 12 UTC,118549.1,4444
21-May-2023 00 UTC,117237.15,4419
20-May-2023 12 UTC,192153.51,6509
20-May-2023 00 UTC,0,0
19-May-2023 12 UTC,118580.68,4330
19-May-2023 00 UTC,122138.82,4481
18-May-2023 12 UTC,121753.74,4495
18-May-2023 00 UTC,122427.58,4715
17-May-2023 12 UTC,36622.29,1367
17-May-2023 00 UTC,130946.72,5214
16-May-2023 12 UTC,131784.29,5194
16-May-2023 00 UTC,131173.9,5331
15-May-2023 12 UTC,132019.9,5275
15-May-2023 00 UTC,130398.23,5334
14-May-2023 12 UTC,131475.19,5437
14-May-2023 00 UTC,122177.79,5169
13-May-2023 12 UTC,39906.15,1529
13-May-2023 00 UTC,221881.1,8205
12-May-2023 12 UTC,0,0
12-May-2023 00 UTC,84062.62,3122
11-May-2023 12 UTC,145271.88,5707
11-May-2023 00 UTC,148452.42,5819
10-May-2023 12 UTC,148798.88,5766
10-May-2023 00 UTC,146883.41,5756
09-May-2023 12 UTC,30635.42,1067
09-May-2023 00 UTC,146160.21,5865
08-May-2023 12 UTC,146936.81,5483
08-May-2023 00 UTC,143396.31,5376
07-May-2023 12 UTC,38794.26,1303
07-May-2023 00 UTC,147329.85,5548
06-May-2023 12 UTC,145125.49,5439
06-May-2023 00 UTC,231540.71,8086
05-May-2023 12 UTC,0,0
05-May-2023 00 UTC,136346.86,5004
04-May-2023 12 UTC,136034.42,4965
04-May-2023 00 UTC,139483.3,5434
03-May-2023 12 UTC,138454.67,5546
03-May-2023 00 UTC,135333.31,5616
02-May-2023 12 UTC,131649.33,5615
02-May-2023 00 UTC,138873.37,5533
01-May-2023 12 UTC,125485.48,5336
01-May-2023 00 UTC,135196.05,5237
30-Apr-2023 12 UTC,129477.49,5453
30-Apr-2023 00 UTC,132507.6,5381
29-Apr-2023 12 UTC,213119.35,7881
29-Apr-2023 00 UTC,0,0
28-Apr-2023 12 UTC,139309.76,5421
28-Apr-2023 00 UTC,137781.66,4935
27-Apr-2023 12 UTC,144660.64,5613
27-Apr-2023 00 UTC,457413.84,9036
26-Apr-2023 12 UTC,0,0
26-Apr-2023 00 UTC,0,0
25-Apr-2023 12 UTC,0,0
25-Apr-2023 00 UTC,0,0
24-Apr-2023 12 UTC,0,0
24-Apr-2023 00 UTC,175497.3,6548
23-Apr-2023 12 UTC,179988.93,6716
23-Apr-2023 00 UTC,179428.42,6648
22-Apr-2023 12 UTC,181439.83,6849
22-Apr-2023 00 UTC,181152.22,6687
21-Apr-2023 12 UTC,185024.28,6926
21-Apr-2023 00 UTC,181300.18,6691
20-Apr-2023 12 UTC,180898.15,6843
20-Apr-2023 00 UTC,180748.88,6745
19-Apr-2023 12 UTC,181733.45,6831
19-Apr-2023 00 UTC,176049.38,6579
18-Apr-2023 12 UTC,175481.43,6606
18-Apr-2023 00 UTC,174502.66,6836
17-Apr-2023 12 UTC,164210.06,6381
17-Apr-2023 00 UTC,156804.36,6210
16-Apr-2023 12 UTC,150245.61,6232
16-Apr-2023 00 UTC,150675.39,6123
15-Apr-2023 12 UTC,148962.72,6130
15-Apr-2023 00 UTC,151465.79,6118
14-Apr-2023 12 UTC,147816.33,5822
14-Apr-2023 00 UTC,146703.08,5649
13-Apr-2023 12 UTC,146684.64,5150
13-Apr-2023 00 UTC,143303.75,4910
12-Apr-2023 12 UTC,150379.42,5146
12-Apr-2023 00 UTC,153821.26,5113
11-Apr-2023 12 UTC,151275.52,5050
11-Apr-2023 00 UTC,248429.77,6121
10-Apr-2023 12 UTC,0,0
10-Apr-2023 00 UTC,164880.45,5032
09-Apr-2023 12 UTC,162873.91,5143
09-Apr-2023 00 UTC,163756.58,5089
08-Apr-2023 12 UTC,162236.08,5039
08-Apr-2023 00 UTC,163990.72,5310
07-Apr-2023 12 UTC,161983.59,5312
07-Apr-2023 00 UTC,164176.01,5350
06-Apr-2023 12 UTC,150973.1,5096
06-Apr-2023 00 UTC,167637.32,5576
05-Apr-2023 12 UTC,161485.4,5422
05-Apr-2023 00 UTC,161733.29,5565
04-Apr-2023 12 UTC,160414.08,5439
04-Apr-2023 00 UTC,174255.29,5515
03-Apr-2023 12 UTC,161765.41,5016
03-Apr-2023 00 UTC,161465.5,5058
02-Apr-2023 12 UTC,165719.86,5180
02-Apr-2023 00 UTC,171821.05,5344
01-Apr-2023 12 UTC,167032.98,5086
01-Apr-2023 00 UTC,164128.7,5404
31-Mar-2023 12 UTC,165079.28,5532
31-Mar-2023 00 UTC,165997.26,5525
30-Mar-2023 12 UTC,166929.38,5597
30-Mar-2023 00 UTC,160023.85,5252
29-Mar-2023 12 UTC,163825.87,5376
29-Mar-2023 00 UTC,163748.0,5269
28-Mar-2023 12 UTC,166947.08,5479
28-Mar-2023 00 UTC,162217.44,5201
27-Mar-2023 12 UTC,161824.51,5256
27-Mar-2023 00 UTC,160859.75,5138
26-Mar-2023 12 UTC,165925.87,5333
26-Mar-2023 00 UTC,162417.49,5247
25-Mar-2023 12 UTC,162159.38,5330
25-Mar-2023 00 UTC,158748.02,5160
24-Mar-2023 12 UTC,160619.62,5267
24-Mar-2023 00 UTC,158182.86,5112
23-Mar-2023 12 UTC,156300.83,5093
23-Mar-2023 00 UTC,154551.68,5051
22-Mar-2023 12 UTC,154080.51,5006
22-Mar-2023 12 UTC,154080.51,5006
21-Mar-2023 12 UTC,146949.9,4875
21-Mar-2023 00 UTC,159263.36,5306
20-Mar-2023 12 UTC,158229.78,5276
20-Mar-2023 00 UTC,157522.05,5193
19-Mar-2023 12 UTC,157392.95,5222
19-Mar-2023 00 UTC,156093.52,5208
18-Mar-2023 12 UTC,142757.61,4123
18-Mar-2023 00 UTC,150298.48,4403
17-Mar-2023 12 UTC,161097.65,5385
17-Mar-2023 00 UTC,166216.26,5873
16-Mar-2023 12 UTC,162450.25,5716
16-Mar-2023 00 UTC,159512.57,5591
15-Mar-2023 12 UTC,162105.04,5755
15-Mar-2023 00 UTC,160975.69,5330
14-Mar-2023 12 UTC,156774.08,5394
14-Mar-2023 00 UTC,161995.68,5706
13-Mar-2023 12 UTC,160935.09,5545
13-Mar-2023 00 UTC,163579.17,5798
12-Mar-2023 12 UTC,162027.5,5648
12-Mar-2023 00 UTC,160768.25,5899
11-Mar-2023 12 UTC,158777.94,5612
11-Mar-2023 00 UTC,158373.81,5549
10-Mar-2023 12 UTC,156544.86,5475
10-Mar-2023 00 UTC,160031.44,5498
09-Mar-2023 12 UTC,158104.77,5506
09-Mar-2023 00 UTC,164532.52,5678
08-Mar-2023 12 UTC,173764.99,6011
08-Mar-2023 00 UTC,170328.63,5706
07-Mar-2023 12 UTC,172280.6,5744
07-Mar-2023 00 UTC,167446.3,5411
06-Mar-2023 12 UTC,163787.42,5351
06-Mar-2023 00 UTC,163877.84,5457
05-Mar-2023 12 UTC,166103.13,5538
05-Mar-2023 00 UTC,165168.6,5526
04-Mar-2023 12 UTC,159383.79,5119
04-Mar-2023 00 UTC,161215.22,5084
03-Mar-2023 12 UTC,175553.83,5316
03-Mar-2023 00 UTC,167067.55,4865
02-Mar-2023 12 UTC,156520.55,4662
02-Mar-2023 00 UTC,155510.77,4624
01-Mar-2023 12 UTC,159406.16,4713
01-Mar-2023 00 UTC,156534.37,4580
28-Feb-2023 12 UTC,153511.56,4476
28-Feb-2023 00 UTC,170308.01,4785
27-Feb-2023 12 UTC,162581.9,4526
27-Feb-2023 00 UTC,161582.78,4477
26-Feb-2023 12 UTC,161858.23,4423
26-Feb-2023 00 UTC,161902.13,4544
25-Feb-2023 12 UTC,159921.32,4465
25-Feb-2023 00 UTC,162017.42,4589
24-Feb-2023 12 UTC,166264.51,4846
24-Feb-2023 00 UTC,164278.23,4561
23-Feb-2023 12 UTC,165576.51,4560
23-Feb-2023 00 UTC,163115.11,4531
22-Feb-2023 12 UTC,161724.72,4426
22-Feb-2023 00 UTC,159006.44,4369
21-Feb-2023 12 UTC,167027.51,4834
21-Feb-2023 00 UTC,163589.91,4699
20-Feb-2023 12 UTC,163241.76,4624
19-Feb-2023 12 UTC,161501.9,4673
19-Feb-2023 00 UTC,159188.14,4495
18-Feb-2023 12 UTC,162848.87,4670
18-Feb-2023 00 UTC,157785.61,4533
17-Feb-2023 12 UTC,163824.57,4792
17-Feb-2023 00 UTC,168436.92,4917
16-Feb-2023 12 UTC,161981.27,4803
16-Feb-2023 00 UTC,154648.78,4613
15-Feb-2023 12 UTC,142962.34,4407
15-Feb-2023 00 UTC,151336.54,4880
14-Feb-2023 12 UTC,150563.03,4886
14-Feb-2023 00 UTC,157981.06,4878
13-Feb-2023 12 UTC,153983.0,4619
13-Feb-2023 00 UTC,148462.69,4690
12-Feb-2023 12 UTC,150914.5,4650
12-Feb-2023 00 UTC,150392.91,4677
11-Feb-2023 12 UTC,131922.95,4274
11-Feb-2023 00 UTC,151275.91,4588
10-Feb-2023 12 UTC,149572.1,4545
10-Feb-2023 00 UTC,140908.74,4184
09-Feb-2023 12 UTC,149028.15,4330
09-Feb-2023 00 UTC,134807.82,3800
08-Feb-2023 12 UTC,148253.79,4259
08-Feb-2023 00 UTC,150772.38,4453
07-Feb-2023 12 UTC,156680.54,4647
07-Feb-2023 00 UTC,152105.61,4406
06-Feb-2023 12 UTC,222852.51,5309
06-Feb-2023 00 UTC,43200.41,1225
05-Feb-2023 12 UTC,104232.72,2784
05-Feb-2023 00 UTC,15060.01,361
04-Feb-2023 12 UTC,81374.74,2907
04-Feb-2023 00 UTC,108373.73,3375
03-Feb-2023 12 UTC,152878.23,4743
03-Feb-2023 00 UTC,152472.76,4597
02-Feb-2023 12 UTC,153987.47,4561
02-Feb-2023 00 UTC,148557.21,4332
01-Feb-2023 12 UTC,142555.63,4466
01-Feb-2023 00 UTC,150244.0,5172
31-Jan-2023 12 UTC,168519.05,5696
31-Jan-2023 00 UTC,154565.71,5449
30-Jan-2023 12 UTC,155217.52,5289
30-Jan-2023 00 UTC,149051.7,4546
29-Jan-2023 12 UTC,146112.77,4343
29-Jan-2023 00 UTC,144662.52,4355
28-Jan-2023 12 UTC,139753.71,4338
28-Jan-2023 00 UTC,138250.39,4212
27-Jan-2023 12 UTC,141743.58,4308
27-Jan-2023 00 UTC,134959.87,4137
26-Jan-2023 12 UTC,134365.63,4114
26-Jan-2023 00 UTC,127913.55,3814
25-Jan-2023 12 UTC,129382.88,3826
25-Jan-2023 00 UTC,139255.23,4038
24-Jan-2023 12 UTC,139441.31,4178
24-Jan-2023 00 UTC,135027.99,3992
23-Jan-2023 12 UTC,137107.46,4063
23-Jan-2023 00 UTC,139083.22,4086
22-Jan-2023 12 UTC,144027.78,4269
22-Jan-2023 00 UTC,145105.75,4378
21-Jan-2023 12 UTC,145459.37,4366
21-Jan-2023 00 UTC,143599.05,4385
20-Jan-2023 12 UTC,133022.65,4088
20-Jan-2023 00 UTC,142924.05,4433
19-Jan-2023 12 UTC,144120.76,4497
19-Jan-2023 00 UTC,145190.82,4516
18-Jan-2023 12 UTC,138356.07,4340
18-Jan-2023 00 UTC,141404.85,4489
17-Jan-2023 12 UTC,139885.42,4364
17-Jan-2023 00 UTC,140291.4,4477
16-Jan-2023 12 UTC,139924.15,4286
16-Jan-2023 00 UTC,134990.2,4161
15-Jan-2023 12 UTC,138377.74,4269
15-Jan-2023 00 UTC,135793.65,4346
14-Jan-2023 12 UTC,136499.53,4286
14-Jan-2023 00 UTC,131063.02,4005
13-Jan-2023 12 UTC,135419.48,4193
13-Jan-2023 00 UTC,134437.99,4046
12-Jan-2023 12 UTC,140012.66,4050
12-Jan-2023 00 UTC,137321.16,3963
11-Jan-2023 12 UTC,136404.6,3920
11-Jan-2023 00 UTC,134980.66,3964
10-Jan-2023 12 UTC,137672.05,4011
10-Jan-2023 00 UTC,135859.24,3917
09-Jan-2023 12 UTC,145479.46,4181
09-Jan-2023 00 UTC,148216.82,4253
08-Jan-2023 12 UTC,153764.03,4507
08-Jan-2023 00 UTC,148371.59,4255
07-Jan-2023 12 UTC,151718.54,4419
07-Jan-2023 00 UTC,300971.9,6748
06-Jan-2023 12 UTC,0,0
06-Jan-2023 00 UTC,0,0
05-Jan-2023 12 UTC,0,0
05-Jan-2023 00 UTC,170745.15,5026
04-Jan-2023 12 UTC,167665.14,5006
04-Jan-2023 00 UTC,160745.06,4468
03-Jan-2023 12 UTC,162025.27,4348
03-Jan-2023 00 UTC,158159.94,4183
02-Jan-2023 12 UTC,211530.74,5324
02-Jan-2023 00 UTC,97806.93,2656
01-Jan-2023 12 UTC,158527.89,4188
01-Jan-2023 00 UTC,160040.16,4160
31-Dec-2022 12 UTC,160143.28,4329
31-Dec-2022 00 UTC,151240.36,4066
30-Dec-2022 12 UTC,84755.19,2469
30-Dec-2022 00 UTC,100889.11,2838
29-Dec-2022 12 UTC,104057.3,2961
29-Dec-2022 00 UTC,87584.88,2545
28-Dec-2022 12 UTC,89771.96,2537
28-Dec-2022 00 UTC,89295.25,2673
27-Dec-2022 12 UTC,89849.98,2603
27-Dec-2022 00 UTC,91178.42,2689
26-Dec-2022 12 UTC,92487.38,2827
26-Dec-2022 00 UTC,102147.05,2953
25-Dec-2022 12 UTC,107255.78,3187
25-Dec-2022 00 UTC,98015.71,2889
24-Dec-2022 12 UTC,98654.7,2904
24-Dec-2022 00 UTC,109860.34,3066
23-Dec-2022 12 UTC,136736.75,3775
23-Dec-2022 00 UTC,114135.76,3187
22-Dec-2022 12 UTC,128080.48,3405
22-Dec-2022 00 UTC,120876.99,3289
21-Dec-2022 12 UTC,125299.98,3531
21-Dec-2022 00 UTC,106039.45,2961
20-Dec-2022 12 UTC,58713.15,1800
20-Dec-2022 00 UTC,111427.93,3090
19-Dec-2022 12 UTC,110045.14,2939
19-Dec-2022 00 UTC,101429.87,2759
18-Dec-2022 12 UTC,150605.85,4035
08-Dec-2022 12 UTC,143695.05,4128
08-Dec-2022 00 UTC,140034.55,4092
07-Dec-2022 12 UTC,137340.9,4126
07-Dec-2022 00 UTC,130084.79,3766
06-Dec-2022 12 UTC,118720.18,3292
06-Dec-2022 00 UTC,137265.5,3828
05-Dec-2022 12 UTC,141627.79,3980
05-Dec-2022 00 UTC,144399.23,4029
04-Dec-2022 12 UTC,141504.76,4021
04-Dec-2022 00 UTC,144108.56,4116
03-Dec-2022 12 UTC,140049.85,3817
03-Dec-2022 00 UTC,146435.47,4418
02-Dec-2022 12 UTC,147967.81,4473
02-Dec-2022 00 UTC,156158.83,4594
01-Dec-2022 12 UTC,153072.44,4463
01-Dec-2022 00 UTC,159113.55,4802
30-Nov-2022 12 UTC,157020.82,4564
30-Nov-2022 00 UTC,156628.97,4412
29-Nov-2022 12 UTC,152186.39,3941
29-Nov-2022 00 UTC,149627.47,4045
28-Nov-2022 12 UTC,142990.81,3743
28-Nov-2022 00 UTC,138024.65,3581
27-Nov-2022 12 UTC,134660.29,3450
27-Nov-2022 00 UTC,140626.06,3749
26-Nov-2022 12 UTC,140257.82,3664
26-Nov-2022 00 UTC,141073.33,3814
25-Nov-2022 12 UTC,140882.66,3690
25-Nov-2022 00 UTC,140657.32,3849
23-Nov-2022 12 UTC,127492.1,3402
23-Nov-2022 00 UTC,128997.23,3634
22-Nov-2022 12 UTC,125651.01,3470
22-Nov-2022 00 UTC,130850.09,3595
21-Nov-2022 12 UTC,126425.31,3363
21-Nov-2022 00 UTC,133434.25,3567
20-Nov-2022 12 UTC,140234.22,3754
20-Nov-2022 00 UTC,133058.22,3662
19-Nov-2022 12 UTC,141321.4,3934
19-Nov-2022 00 UTC,142236.71,4165
18-Nov-2022 12 UTC,140954.02,4028
18-Nov-2022 00 UTC,144045.97,4250
17-Nov-2022 12 UTC,144251.45,4073
17-Nov-2022 00 UTC,143401.32,4210
16-Nov-2022 12 UTC,139621.15,3770
16-Nov-2022 00 UTC,149211.39,4250
15-Nov-2022 12 UTC,139103.84,3729
15-Nov-2022 00 UTC,150512.43,4104
14-Nov-2022 12 UTC,145724.25,3869
14-Nov-2022 00 UTC,149698.51,3908
13-Nov-2022 12 UTC,144960.71,3651
13-Nov-2022 00 UTC,147968.79,3872
12-Nov-2022 12 UTC,146304.94,3697
12-Nov-2022 00 UTC,150267.88,3932
11-Nov-2022 12 UTC,145904.89,3854
11-Nov-2022 00 UTC,149155.46,3862
10-Nov-2022 12 UTC,144334.08,3824
10-Nov-2022 00 UTC,147051.55,3905
09-Nov-2022 12 UTC,142102.31,3732
09-Nov-2022 00 UTC,143042.89,3854
08-Nov-2022 12 UTC,140108.12,3738
08-Nov-2022 00 UTC,147462.57,4017
07-Nov-2022 12 UTC,142401.73,3760
07-Nov-2022 00 UTC,138159.31,3601
06-Nov-2022 12 UTC,136907.09,3479
06-Nov-2022 00 UTC,140648.05,3680
05-Nov-2022 12 UTC,140638.09,3560
05-Nov-2022 00 UTC,163405.83,3687
04-Nov-2022 12 UTC,17898.62,565
04-Nov-2022 00 UTC,17839.5,575
03-Nov-2022 12 UTC,135507.4,3672
03-Nov-2022 00 UTC,139113.5,3741
02-Nov-2022 12 UTC,139905.26,3880
02-Nov-2022 00 UTC,137603.28,3713
01-Nov-2022 12 UTC,131912.71,3542
01-Nov-2022 00 UTC,139286.52,3860
31-Oct-2022 12 UTC,125173.92,3409
31-Oct-2022 00 UTC,131161.71,3517
30-Oct-2022 12 UTC,127254.06,3456
30-Oct-2022 00 UTC,132954.03,3614
29-Oct-2022 12 UTC,132946.51,3658
29-Oct-2022 00 UTC,132051.46,3679
28-Oct-2022 12 UTC,129869.34,3607
28-Oct-2022 00 UTC,126475.75,3585
27-Oct-2022 12 UTC,124416.93,3466
27-Oct-2022 00 UTC,115975.66,3378
26-Oct-2022 12 UTC,60868.9,1758
26-Oct-2022 00 UTC,74101.51,2134
25-Oct-2022 12 UTC,67262.61,1915
25-Oct-2022 00 UTC,74627.6,2201
24-Oct-2022 12 UTC,74804.75,2164
24-Oct-2022 00 UTC,63675.01,1881
23-Oct-2022 12 UTC,63310.73,1829
23-Oct-2022 00 UTC,77915.5,2264
22-Oct-2022 12 UTC,75631.69,2175
22-Oct-2022 00 UTC,71545.5,2126
21-Oct-2022 12 UTC,81165.01,2327
21-Oct-2022 00 UTC,77300.79,2275
20-Oct-2022 12 UTC,82991.12,2423
20-Oct-2022 00 UTC,66531.98,1998
19-Oct-2022 12 UTC,80866.97,2324
19-Oct-2022 00 UTC,92178.15,2654
18-Oct-2022 12 UTC,57806.63,1744
18-Oct-2022 00 UTC,86053.67,2533
17-Oct-2022 12 UTC,80038.67,2395
17-Oct-2022 00 UTC,87886.64,2597
15-Oct-2022 12 UTC,103923.73,2898
15-Oct-2022 00 UTC,100951.53,2896
14-Oct-2022 12 UTC,103485.46,2946
14-Oct-2022 00 UTC,101814.31,2924
13-Oct-2022 12 UTC,104485.94,2971
13-Oct-2022 00 UTC,97838.61,2853
12-Oct-2022 12 UTC,88815.73,2672
12-Oct-2022 00 UTC,105433.6,2958
11-Oct-2022 12 UTC,105935.72,2918
11-Oct-2022 00 UTC,105272.44,2935
10-Oct-2022 12 UTC,103960.71,2869
10-Oct-2022 00 UTC,105208.48,2931
09-Oct-2022 12 UTC,96887.92,2687
09-Oct-2022 00 UTC,101341.79,2853
08-Oct-2022 12 UTC,100647.02,2807
08-Oct-2022 00 UTC,98465.94,2835
07-Oct-2022 12 UTC,98452.12,2822
07-Oct-2022 00 UTC,96123.54,2713
06-Oct-2022 12 UTC,92055.82,2643
06-Oct-2022 00 UTC,91092.97,2610
05-Oct-2022 12 UTC,90328.89,2562
05-Oct-2022 00 UTC,90505.2,2631
04-Oct-2022 12 UTC,71399.61,2216
04-Oct-2022 00 UTC,70512.83,2142
03-Oct-2022 12 UTC,97903.5,2727
03-Oct-2022 00 UTC,102727.85,2808
02-Oct-2022 12 UTC,95034.71,2686
02-Oct-2022 00 UTC,103483.68,2809
01-Oct-2022 12 UTC,97768.24,2718
01-Oct-2022 00 UTC,102615.0,2842
30-Sep-2022 12 UTC,98241.96,2754
30-Sep-2022 00 UTC,101947.07,2927
29-Sep-2022 12 UTC,99940.02,2850
29-Sep-2022 00 UTC,96173.72,2793
28-Sep-2022 12 UTC,99342.46,2861
28-Sep-2022 00 UTC,92684.71,2741
27-Sep-2022 12 UTC,91284.03,2660
27-Sep-2022 00 UTC,88694.76,2628
26-Sep-2022 12 UTC,90048.28,2622
26-Sep-2022 00 UTC,87383.81,2555
25-Sep-2022 12 UTC,87698.61,2502
25-Sep-2022 00 UTC,87072.86,2521
24-Sep-2022 12 UTC,86199.69,2460
24-Sep-2022 00 UTC,86533.37,2519
23-Sep-2022 12 UTC,83334.08,2476
23-Sep-2022 00 UTC,79898.64,2430
22-Sep-2022 12 UTC,75699.44,2323
22-Sep-2022 00 UTC,85781.06,2597
21-Sep-2022 12 UTC,83233.24,2502
21-Sep-2022 00 UTC,83336.2,2527
20-Sep-2022 12 UTC,78712.77,2444
20-Sep-2022 00 UTC,78946.27,2530
19-Sep-2022 12 UTC,71165.34,2291
19-Sep-2022 00 UTC,73829.46,2325
18-Sep-2022 12 UTC,75668.64,2311
18-Sep-2022 00 UTC,69446.44,2211
17-Sep-2022 12 UTC,62941.68,2135
17-Sep-2022 00 UTC,74155.47,2382
16-Sep-2022 12 UTC,74169.86,2355
16-Sep-2022 00 UTC,71340.82,2339
15-Sep-2022 12 UTC,71143.63,2316
15-Sep-2022 00 UTC,72046.41,2387
14-Sep-2022 12 UTC,69780.85,2332
14-Sep-2022 00 UTC,68057.46,2313
13-Sep-2022 12 UTC,71520.84,2374
13-Sep-2022 00 UTC,71120.29,2347
12-Sep-2022 12 UTC,68448.19,2235
12-Sep-2022 00 UTC,52921.68,1741
11-Sep-2022 12 UTC,54003.9,1709
11-Sep-2022 00 UTC,53773.22,1820
10-Sep-2022 12 UTC,50914.74,1698
10-Sep-2022 00 UTC,52492.36,1767
09-Sep-2022 12 UTC,53507.67,1742
09-Sep-2022 00 UTC,48777.11,1699
08-Sep-2022 12 UTC,50288.39,1677
08-Sep-2022 00 UTC,49109.7,1677
07-Sep-2022 12 UTC,50073.28,1661
07-Sep-2022 00 UTC,51728.35,1736
06-Sep-2022 12 UTC,50827.21,1705
06-Sep-2022 00 UTC,50274.25,1720
05-Sep-2022 12 UTC,52635.71,1683
05-Sep-2022 00 UTC,50257.68,1663
04-Sep-2022 12 UTC,52424.62,1668
04-Sep-2022 00 UTC,49816.29,1655
03-Sep-2022 12 UTC,50889.25,1667
03-Sep-2022 00 UTC,52632.5,1721
02-Sep-2022 12 UTC,54002.55,1776
02-Sep-2022 00 UTC,50063.11,1709
01-Sep-2022 12 UTC,59053.22,1970
01-Sep-2022 00 UTC,71399.04,2331
31-Aug-2022 12 UTC,57921.22,1921
31-Aug-2022 00 UTC,54009.3,1804
30-Aug-2022 12 UTC,60887.59,2071
30-Aug-2022 00 UTC,55953.48,1879
29-Aug-2022 12 UTC,61998.29,1997
29-Aug-2022 00 UTC,59065.02,1897
28-Aug-2022 12 UTC,68870.46,2177
28-Aug-2022 00 UTC,64218.37,2032
27-Aug-2022 12 UTC,71335.04,2165
27-Aug-2022 00 UTC,77084.16,2272
26-Aug-2022 12 UTC,115637.65,2334
26-Aug-2022 00 UTC,0,0
25-Aug-2022 12 UTC,69786.27,2176
25-Aug-2022 00 UTC,110440.51,3424
24-Aug-2022 12 UTC,21444.35,348
24-Aug-2022 00 UTC,0,0
23-Aug-2022 12 UTC,34411.72,596
23-Aug-2022 00 UTC,0,0
22-Aug-2022 12 UTC,135710.47,2311
22-Aug-2022 00 UTC,41654.57,862
21-Aug-2022 12 UTC,0,0
21-Aug-2022 00 UTC,0,0
20-Aug-2022 12 UTC,0,0
20-Aug-2022 00 UTC,0,0
19-Aug-2022 12 UTC,0,0
19-Aug-2022 00 UTC,68202.07,2299
18-Aug-2022 12 UTC,134423.01,3272
18-Aug-2022 00 UTC,0,0
17-Aug-2022 12 UTC,0,0
17-Aug-2022 00 UTC,70358.34,2357
16-Aug-2022 12 UTC,65020.0,2205
16-Aug-2022 00 UTC,70436.84,2287
15-Aug-2022 12 UTC,66346.6,2237
15-Aug-2022 00 UTC,68455.74,2332
14-Aug-2022 12 UTC,65939.2,2251
14-Aug-2022 00 UTC,70181.81,2372
13-Aug-2022 12 UTC,69083.77,2309
13-Aug-2022 00 UTC,68666.41,2381
12-Aug-2022 12 UTC,68671.54,2365
12-Aug-2022 00 UTC,68776.69,2413
11-Aug-2022 12 UTC,68060.67,2313
11-Aug-2022 00 UTC,69475.26,2419
10-Aug-2022 12 UTC,67322.06,2303
10-Aug-2022 00 UTC,69724.46,2392
09-Aug-2022 12 UTC,68805.82,2399
09-Aug-2022 00 UTC,70945.25,2401
08-Aug-2022 12 UTC,67468.15,2290
08-Aug-2022 00 UTC,69407.0,2363
07-Aug-2022 12 UTC,66551.18,2261
07-Aug-2022 00 UTC,66856.89,2302
06-Aug-2022 12 UTC,67282.26,2282
06-Aug-2022 00 UTC,69749.81,2376
05-Aug-2022 12 UTC,66098.98,2268
05-Aug-2022 00 UTC,68824.72,2342
04-Aug-2022 12 UTC,66760.29,2302
04-Aug-2022 00 UTC,68373.95,2372
03-Aug-2022 12 UTC,67845.43,2342
03-Aug-2022 00 UTC,68274.58,2349
02-Aug-2022 12 UTC,67241.39,2379
02-Aug-2022 00 UTC,67962.2,2388
01-Aug-2022 12 UTC,67399.14,2286
01-Aug-2022 00 UTC,70060.49,2357
31-Jul-2022 12 UTC,68117.28,2280
31-Jul-2022 00 UTC,69070.26,2340
30-Jul-2022 12 UTC,65016.49,2186
30-Jul-2022 00 UTC,71344.07,2441
29-Jul-2022 12 UTC,64712.61,2219
29-Jul-2022 00 UTC,70142.49,2471
28-Jul-2022 12 UTC,67302.16,2353
28-Jul-2022 00 UTC,71308.41,2474
27-Jul-2022 12 UTC,68760.25,2349
27-Jul-2022 00 UTC,66464.16,2362
26-Jul-2022 12 UTC,68826.3,2354
26-Jul-2022 00 UTC,70372.14,2408
25-Jul-2022 12 UTC,67834.52,2355
25-Jul-2022 00 UTC,69345.02,2372
24-Jul-2022 12 UTC,65692.34,2279
24-Jul-2022 00 UTC,67578.23,2339
23-Jul-2022 12 UTC,64812.6,2267
23-Jul-2022 00 UTC,66617.61,2376
22-Jul-2022 12 UTC,67728.71,2399
22-Jul-2022 00 UTC,68666.66,2403
21-Jul-2022 12 UTC,66852.45,2269
21-Jul-2022 00 UTC,81888.86,2355
20-Jul-2022 12 UTC,23601.87,800
20-Jul-2022 00 UTC,66310.54,2357
19-Jul-2022 12 UTC,64801.45,2281
19-Jul-2022 00 UTC,65557.07,2302
18-Jul-2022 12 UTC,64563.86,2274
18-Jul-2022 00 UTC,66098.84,2276
17-Jul-2022 12 UTC,64509.8,2182
17-Jul-2022 00 UTC,65572.58,2255
16-Jul-2022 12 UTC,65246.52,2256
16-Jul-2022 00 UTC,67391.72,2315
15-Jul-2022 12 UTC,66455.65,2296
15-Jul-2022 00 UTC,67604.51,2342
14-Jul-2022 12 UTC,66257.64,2264
14-Jul-2022 00 UTC,67264.2,2352
13-Jul-2022 12 UTC,67717.46,2326
13-Jul-2022 00 UTC,66774.64,2356
12-Jul-2022 12 UTC,62564.14,2229
12-Jul-2022 00 UTC,67918.43,2320
11-Jul-2022 12 UTC,66990.51,2292
11-Jul-2022 00 UTC,70059.76,2360
10-Jul-2022 12 UTC,67712.51,2291
10-Jul-2022 00 UTC,69034.11,2307
09-Jul-2022 12 UTC,65940.04,2259
09-Jul-2022 00 UTC,66272.13,2283
08-Jul-2022 12 UTC,66284.15,2306
08-Jul-2022 00 UTC,67733.04,2331
07-Jul-2022 12 UTC,67287.1,2343
07-Jul-2022 00 UTC,68434.46,2385
06-Jul-2022 12 UTC,68634.74,2382
06-Jul-2022 00 UTC,69475.09,2411
05-Jul-2022 12 UTC,68575.97,2370
05-Jul-2022 00 UTC,70117.02,2437
04-Jul-2022 12 UTC,67387.92,2320
04-Jul-2022 00 UTC,70828.15,2409
03-Jul-2022 12 UTC,68380.85,2338
03-Jul-2022 00 UTC,69576.23,2365
02-Jul-2022 12 UTC,67894.81,2348
02-Jul-2022 00 UTC,69214.07,2411
01-Jul-2022 12 UTC,69368.26,2390
01-Jul-2022 00 UTC,69940.93,2487
30-Jun-2022 12 UTC,68288.75,2377
30-Jun-2022 00 UTC,70206.4,2475
29-Jun-2022 12 UTC,70446.93,2455
29-Jun-2022 00 UTC,70939.22,2512
28-Jun-2022 12 UTC,68676.66,2359
28-Jun-2022 00 UTC,70895.56,2441
27-Jun-2022 12 UTC,70033.05,2386
27-Jun-2022 00 UTC,136154.28,3393
26-Jun-2022 12 UTC,0,0
26-Jun-2022 00 UTC,0,0
25-Jun-2022 12 UTC,65429.27,2433
25-Jun-2022 00 UTC,65407.75,2529
24-Jun-2022 12 UTC,65812.39,2464
24-Jun-2022 00 UTC,66712.08,2495
23-Jun-2022 12 UTC,66094.15,2502
23-Jun-2022 00 UTC,68092.02,2569
22-Jun-2022 12 UTC,73185.11,2696
22-Jun-2022 00 UTC,63643.65,2450
21-Jun-2022 12 UTC,71886.89,2607
21-Jun-2022 00 UTC,76048.52,2614
20-Jun-2022 12 UTC,126307.76,2640
20-Jun-2022 00 UTC,0,0
19-Jun-2022 12 UTC,0,0
19-Jun-2022 00 UTC,0,0
18-Jun-2022 12 UTC,67918.93,2473
18-Jun-2022 00 UTC,68347.57,2571
17-Jun-2022 12 UTC,69273.03,2582
17-Jun-2022 00 UTC,71355.75,2656
16-Jun-2022 12 UTC,70178.29,2645
16-Jun-2022 00 UTC,70591.74,2651
15-Jun-2022 12 UTC,72244.23,2689
15-Jun-2022 00 UTC,71521.97,2698
14-Jun-2022 12 UTC,71747.74,2683
14-Jun-2022 00 UTC,73760.74,2694
13-Jun-2022 12 UTC,73713.95,2717
13-Jun-2022 00 UTC,73306.91,2678
12-Jun-2022 12 UTC,74283.89,2732
12-Jun-2022 00 UTC,77150.56,2841
11-Jun-2022 12 UTC,76332.74,2799
11-Jun-2022 00 UTC,71958.96,2719
10-Jun-2022 12 UTC,77940.84,2871
10-Jun-2022 00 UTC,78033.52,2906
09-Jun-2022 12 UTC,78907.06,2925
09-Jun-2022 00 UTC,79196.23,2907
08-Jun-2022 12 UTC,78058.22,2919
08-Jun-2022 00 UTC,77623.36,2806
07-Jun-2022 12 UTC,75883.28,2832
07-Jun-2022 00 UTC,81218.16,2940
06-Jun-2022 12 UTC,82873.73,2935
06-Jun-2022 00 UTC,81695.78,2884
05-Jun-2022 12 UTC,80299.4,2873
05-Jun-2022 00 UTC,81036.8,2875
04-Jun-2022 12 UTC,80967.44,2891
04-Jun-2022 00 UTC,81526.52,2963
03-Jun-2022 12 UTC,83277.81,3019
03-Jun-2022 00 UTC,81498.01,2935
02-Jun-2022 12 UTC,81425.92,2911
02-Jun-2022 00 UTC,79401.93,2958
01-Jun-2022 12 UTC,82223.81,2962
01-Jun-2022 00 UTC,83678.49,3024
31-May-2022 12 UTC,81326.1,2948
31-May-2022 00 UTC,81179.22,2954
30-May-2022 12 UTC,81059.23,2934
30-May-2022 00 UTC,83463.43,2993
29-May-2022 12 UTC,81911.45,2926
29-May-2022 00 UTC,84410.43,2994
28-May-2022 12 UTC,84127.9,2977
28-May-2022 00 UTC,85947.01,3046
27-May-2022 12 UTC,85921.03,3072
27-May-2022 00 UTC,80161.2,2909
26-May-2022 12 UTC,83622.09,3000
26-May-2022 00 UTC,83613.26,2999
25-May-2022 12 UTC,83284.44,2959
25-May-2022 00 UTC,84867.49,2977
24-May-2022 12 UTC,83095.51,2895
24-May-2022 00 UTC,81416.11,2921
23-May-2022 12 UTC,77412.78,2845
23-May-2022 00 UTC,74959.06,2717
22-May-2022 12 UTC,74762.13,2717
22-May-2022 00 UTC,74569.64,2786
21-May-2022 12 UTC,74969.81,2772
21-May-2022 00 UTC,75728.73,2897
20-May-2022 12 UTC,76673.38,2889
20-May-2022 00 UTC,78128.11,2958
19-May-2022 12 UTC,78263.07,2934
19-May-2022 00 UTC,80695.95,3044
18-May-2022 12 UTC,79865.35,3034
18-May-2022 00 UTC,80830.88,2997
17-May-2022 12 UTC,79280.36,2960
17-May-2022 00 UTC,81269.94,3015
16-May-2022 12 UTC,80682.48,2985
16-May-2022 00 UTC,81613.19,3007
15-May-2022 12 UTC,80408.15,2914
15-May-2022 00 UTC,81108.73,2959
14-May-2022 12 UTC,79359.78,2929
14-May-2022 00 UTC,82015.85,3068
13-May-2022 12 UTC,82901.35,3145
13-May-2022 00 UTC,80466.27,3134
12-May-2022 12 UTC,80899.73,3080
12-May-2022 00 UTC,82521.79,3168
11-May-2022 12 UTC,83611.03,3163
11-May-2022 00 UTC,84588.64,3146
10-May-2022 12 UTC,84823.79,3129
10-May-2022 00 UTC,86474.21,3217
09-May-2022 12 UTC,86949.55,3327
09-May-2022 00 UTC,82518.03,3212
08-May-2022 12 UTC,87258.02,3301
08-May-2022 00 UTC,86871.24,3391
07-May-2022 12 UTC,87222.7,3469
07-May-2022 00 UTC,87993.26,3525
06-May-2022 12 UTC,87388.6,3507
06-May-2022 00 UTC,89524.77,3544
05-May-2022 12 UTC,87152.38,3323
05-May-2022 00 UTC,87140.09,3199
04-May-2022 12 UTC,86575.64,3185
04-May-2022 00 UTC,86941.48,3275
03-May-2022 12 UTC,88714.56,3256
03-May-2022 00 UTC,88333.41,3287
02-May-2022 12 UTC,85966.04,3180
02-May-2022 00 UTC,86203.92,3176
01-May-2022 12 UTC,85314.0,3131
01-May-2022 00 UTC,86932.73,3214
30-Apr-2022 12 UTC,87647.6,3138
30-Apr-2022 00 UTC,88263.25,3278
29-Apr-2022 12 UTC,89692.19,3327
29-Apr-2022 00 UTC,91097.22,3345
28-Apr-2022 12 UTC,89073.47,3294
28-Apr-2022 00 UTC,90632.99,3344
27-Apr-2022 12 UTC,88901.89,3296
27-Apr-2022 00 UTC,90406.08,3340
26-Apr-2022 12 UTC,91467.01,3360
26-Apr-2022 00 UTC,92901.72,3386
25-Apr-2022 12 UTC,91671.77,3311
25-Apr-2022 00 UTC,91757.08,3324
24-Apr-2022 12 UTC,89894.24,3235
24-Apr-2022 00 UTC,89488.73,3233
23-Apr-2022 12 UTC,88847.5,3280
23-Apr-2022 00 UTC,92142.06,3334
22-Apr-2022 12 UTC,91770.87,3362
22-Apr-2022 00 UTC,86955.68,3276
21-Apr-2022 12 UTC,90525.44,3348
21-Apr-2022 00 UTC,91931.92,3360
20-Apr-2022 12 UTC,90671.8,3338
20-Apr-2022 00 UTC,91732.81,3351
19-Apr-2022 12 UTC,90002.72,3305
19-Apr-2022 00 UTC,87313.65,3572
18-Apr-2022 12 UTC,86244.88,3520
18-Apr-2022 00 UTC,89115.67,3570
17-Apr-2022 12 UTC,87031.43,3494
17-Apr-2022 00 UTC,89365.69,3613
16-Apr-2022 12 UTC,88838.73,3593
16-Apr-2022 00 UTC,89415.86,3594
15-Apr-2022 12 UTC,87603.8,3494
15-Apr-2022 00 UTC,87301.71,3551
14-Apr-2022 12 UTC,87445.3,3569
14-Apr-2022 00 UTC,90086.1,3538
13-Apr-2022 12 UTC,88075.83,3406
13-Apr-2022 00 UTC,87972.47,3406
12-Apr-2022 12 UTC,83673.27,3099
12-Apr-2022 00 UTC,90130.73,3291
11-Apr-2022 12 UTC,87102.36,3163
11-Apr-2022 00 UTC,93052.7,3385
10-Apr-2022 12 UTC,88794.42,3270
10-Apr-2022 00 UTC,91701.55,3370
09-Apr-2022 12 UTC,90040.04,3371
09-Apr-2022 00 UTC,89351.66,3334
08-Apr-2022 12 UTC,88857.14,3393
08-Apr-2022 00 UTC,89209.61,3427
07-Apr-2022 12 UTC,85289.9,3321
07-Apr-2022 00 UTC,87782.27,3308
06-Apr-2022 12 UTC,85687.25,3285
06-Apr-2022 00 UTC,88078.92,3404
05-Apr-2022 12 UTC,86602.12,3280
05-Apr-2022 00 UTC,82585.36,3325
04-Apr-2022 12 UTC,86043.48,3301
04-Apr-2022 00 UTC,86879.99,3318
03-Apr-2022 12 UTC,86334.77,3291
03-Apr-2022 00 UTC,87507.52,3365
02-Apr-2022 12 UTC,86802.76,3265
02-Apr-2022 00 UTC,88686.23,3398
01-Apr-2022 12 UTC,85554.27,3318
01-Apr-2022 00 UTC,86752.7,3390
31-Mar-2022 12 UTC,84747.5,3289
31-Mar-2022 00 UTC,86517.76,3411
30-Mar-2022 12 UTC,85091.74,3331
30-Mar-2022 00 UTC,96051.6,3785
29-Mar-2022 12 UTC,73103.04,2479
29-Mar-2022 00 UTC,201489.31,4681
28-Mar-2022 12 UTC,0,0
28-Mar-2022 00 UTC,0,0
27-Mar-2022 12 UTC,0,0
27-Mar-2022 00 UTC,21454.98,1136
26-Mar-2022 12 UTC,81131.69,3182
26-Mar-2022 00 UTC,84039.39,3253
25-Mar-2022 12 UTC,81844.73,3194
25-Mar-2022 00 UTC,83164.13,3267
24-Mar-2022 12 UTC,81156.04,3250
24-Mar-2022 00 UTC,83527.19,3328
23-Mar-2022 12 UTC,83078.41,3278
23-Mar-2022 00 UTC,85061.11,3345
22-Mar-2022 12 UTC,82527.27,3281
22-Mar-2022 00 UTC,85237.18,3346
21-Mar-2022 12 UTC,82403.71,3223
21-Mar-2022 00 UTC,81871.55,3236
20-Mar-2022 12 UTC,81975.81,3180
20-Mar-2022 00 UTC,83501.72,3238
19-Mar-2022 12 UTC,81821.19,3179
19-Mar-2022 00 UTC,57621.34,2291
18-Mar-2022 12 UTC,83386.32,3233
18-Mar-2022 00 UTC,84889.71,3335
17-Mar-2022 12 UTC,78460.19,3140
17-Mar-2022 00 UTC,84577.08,3307
16-Mar-2022 12 UTC,82217.21,3196
16-Mar-2022 00 UTC,84077.13,3380
15-Mar-2022 12 UTC,81352.46,3271
15-Mar-2022 00 UTC,84474.7,3272
14-Mar-2022 12 UTC,81910.59,3225
14-Mar-2022 00 UTC,82411.49,3295
13-Mar-2022 12 UTC,80916.21,3173
13-Mar-2022 00 UTC,81947.63,3249
12-Mar-2022 12 UTC,82384.14,3271
12-Mar-2022 00 UTC,84557.61,3414
11-Mar-2022 12 UTC,82073.22,3362
11-Mar-2022 00 UTC,85329.32,3479
10-Mar-2022 12 UTC,82600.95,3363
10-Mar-2022 00 UTC,85231.77,3465
09-Mar-2022 12 UTC,83683.98,3362
09-Mar-2022 00 UTC,84494.41,3372
08-Mar-2022 12 UTC,84034.49,3387
08-Mar-2022 00 UTC,84870.79,3358
07-Mar-2022 12 UTC,82082.45,3264
07-Mar-2022 00 UTC,85556.26,3402
06-Mar-2022 12 UTC,84180.24,3353
06-Mar-2022 00 UTC,85351.98,3327
05-Mar-2022 12 UTC,84347.96,3331
05-Mar-2022 00 UTC,85986.47,3463
04-Mar-2022 12 UTC,86816.53,3447
04-Mar-2022 00 UTC,88659.35,3513
03-Mar-2022 12 UTC,86301.13,3435
03-Mar-2022 00 UTC,88293.55,3500
02-Mar-2022 12 UTC,84734.66,3411
02-Mar-2022 00 UTC,87027.77,3472
01-Mar-2022 12 UTC,85735.53,3416
01-Mar-2022 00 UTC,84393.97,3398
28-Feb-2022 12 UTC,87318.65,3397
28-Feb-2022 00 UTC,85941.24,3433
27-Feb-2022 12 UTC,86023.93,3330
27-Feb-2022 00 UTC,85945.57,3367
26-Feb-2022 12 UTC,85277.12,3353
26-Feb-2022 00 UTC,80855.08,3284
25-Feb-2022 12 UTC,86959.12,3458
25-Feb-2022 00 UTC,89075.58,3550
24-Feb-2022 12 UTC,87609.53,3424
24-Feb-2022 00 UTC,88077.17,3532
23-Feb-2022 12 UTC,85907.51,3433
23-Feb-2022 00 UTC,86515.61,3509
22-Feb-2022 12 UTC,84429.56,3452
22-Feb-2022 00 UTC,87083.84,3554
21-Feb-2022 12 UTC,84147.2,3377
21-Feb-2022 00 UTC,84544.33,3449
20-Feb-2022 12 UTC,82755.3,3343
20-Feb-2022 00 UTC,83914.99,3385
19-Feb-2022 12 UTC,82845.75,3404
19-Feb-2022 00 UTC,84228.23,3490
18-Feb-2022 12 UTC,84380.96,3517
18-Feb-2022 00 UTC,86997.94,3605
17-Feb-2022 12 UTC,86184.12,3543
17-Feb-2022 00 UTC,88350.56,3580
16-Feb-2022 12 UTC,85722.28,3445
16-Feb-2022 00 UTC,89827.07,3572
15-Feb-2022 12 UTC,88876.97,3506
15-Feb-2022 00 UTC,96577.26,3708
14-Feb-2022 12 UTC,87032.11,3421
14-Feb-2022 00 UTC,86873.19,3352
13-Feb-2022 12 UTC,86289.64,3359
13-Feb-2022 00 UTC,90629.22,3568
12-Feb-2022 12 UTC,48643.03,1927
12-Feb-2022 00 UTC,90348.43,3582
11-Feb-2022 12 UTC,89677.29,3537
11-Feb-2022 00 UTC,91808.77,3609
10-Feb-2022 12 UTC,89531.41,3495
10-Feb-2022 00 UTC,91615.63,3654
09-Feb-2022 12 UTC,87885.11,3505
09-Feb-2022 00 UTC,90273.32,3542
08-Feb-2022 12 UTC,89034.83,3475
08-Feb-2022 00 UTC,91380.88,3572
07-Feb-2022 12 UTC,87550.7,3424
07-Feb-2022 00 UTC,92610.75,3515
06-Feb-2022 12 UTC,85106.11,3361
06-Feb-2022 00 UTC,91151.99,3514
05-Feb-2022 12 UTC,87848.72,3426
05-Feb-2022 00 UTC,92207.97,3578
04-Feb-2022 12 UTC,88914.07,3559
04-Feb-2022 00 UTC,92760.15,3675
03-Feb-2022 12 UTC,88343.44,3545
03-Feb-2022 00 UTC,90963.14,3637
02-Feb-2022 12 UTC,86394.58,3511
02-Feb-2022 00 UTC,83219.6,3529
01-Feb-2022 12 UTC,89484.1,3537
01-Feb-2022 00 UTC,87993.95,3538
31-Jan-2022 12 UTC,87466.63,3464
31-Jan-2022 00 UTC,89868.84,3550
30-Jan-2022 12 UTC,87151.01,3385
30-Jan-2022 00 UTC,89738.49,3514
29-Jan-2022 12 UTC,87809.78,3478
29-Jan-2022 00 UTC,90587.42,3617
28-Jan-2022 12 UTC,89412.18,3521
28-Jan-2022 00 UTC,90707.26,3599
27-Jan-2022 12 UTC,89151.47,3528
27-Jan-2022 00 UTC,113652.67,4029
26-Jan-2022 12 UTC,108752.07,3974
26-Jan-2022 00 UTC,69680.14,3033
25-Jan-2022 12 UTC,47564.26,2326
25-Jan-2022 00 UTC,87371.98,3516
24-Jan-2022 12 UTC,257153.59,5569
24-Jan-2022 00 UTC,0,0
23-Jan-2022 12 UTC,0,0
23-Jan-2022 00 UTC,0,0
22-Jan-2022 12 UTC,0,0
22-Jan-2022 00 UTC,0,0
21-Jan-2022 12 UTC,82818.72,3399
21-Jan-2022 00 UTC,42050.56,2122
20-Jan-2022 12 UTC,89851.87,3636
20-Jan-2022 00 UTC,94183.56,3770
19-Jan-2022 12 UTC,88740.2,3625
19-Jan-2022 00 UTC,92410.54,3750
18-Jan-2022 12 UTC,89751.7,3662
18-Jan-2022 00 UTC,87693.46,3591
17-Jan-2022 12 UTC,88504.7,3586
17-Jan-2022 00 UTC,91172.72,3657
16-Jan-2022 12 UTC,89295.47,3536
16-Jan-2022 00 UTC,91017.45,3629
15-Jan-2022 12 UTC,87369.56,3565
15-Jan-2022 00 UTC,89500.61,3694
14-Jan-2022 12 UTC,86257.62,3607
14-Jan-2022 00 UTC,93052.74,3815
13-Jan-2022 12 UTC,90601.15,3699
13-Jan-2022 00 UTC,91969.61,3807
12-Jan-2022 12 UTC,89324.21,3679
12-Jan-2022 00 UTC,87653.79,3640
11-Jan-2022 12 UTC,85307.61,3559
11-Jan-2022 00 UTC,86996.61,3666
10-Jan-2022 12 UTC,84516.39,3541
10-Jan-2022 00 UTC,89299.09,3631
09-Jan-2022 12 UTC,85470.74,3517
09-Jan-2022 00 UTC,87498.4,3595
08-Jan-2022 12 UTC,83214.49,3514
08-Jan-2022 00 UTC,88107.38,3627
07-Jan-2022 12 UTC,88037.64,3558
07-Jan-2022 00 UTC,98472.47,3203
06-Jan-2022 12 UTC,109244.33,3606
06-Jan-2022 00 UTC,0,0
05-Jan-2022 12 UTC,0,0
05-Jan-2022 00 UTC,0,0
04-Jan-2022 12 UTC,66083.59,3586
04-Jan-2022 00 UTC,67872.56,3575
03-Jan-2022 12 UTC,65541.33,3422
03-Jan-2022 00 UTC,67362.68,3496
02-Jan-2022 00 UTC,66866.47,3489
01-Jan-2022 12 UTC,66448.85,3423
01-Jan-2022 00 UTC,68282.77,3506
31-Dec-2021 12 UTC,66370.6,3493
31-Dec-2021 00 UTC,67760.59,3545
30-Dec-2021 12 UTC,66541.91,3535
30-Dec-2021 00 UTC,68578.77,3559
29-Dec-2021 12 UTC,67462.58,3529
29-Dec-2021 00 UTC,68081.71,3506
28-Dec-2021 12 UTC,66393.45,3440
28-Dec-2021 00 UTC,66483.83,3427
27-Dec-2021 12 UTC,64616.74,3318
27-Dec-2021 00 UTC,66427.83,3396
26-Dec-2021 12 UTC,64206.15,3326
26-Dec-2021 00 UTC,66179.5,3357
25-Dec-2021 12 UTC,64881.91,3413
25-Dec-2021 00 UTC,63862.53,3421
24-Dec-2021 12 UTC,66645.68,3563
24-Dec-2021 00 UTC,68851.09,3617
23-Dec-2021 12 UTC,67793.02,3572
23-Dec-2021 00 UTC,68159.54,3613
22-Dec-2021 12 UTC,67137.46,3639
22-Dec-2021 00 UTC,69008.24,3695
21-Dec-2021 12 UTC,65804.65,3486
21-Dec-2021 00 UTC,67224.22,3590
20-Dec-2021 12 UTC,102362.3,4349
20-Dec-2021 00 UTC,0,0
19-Dec-2021 12 UTC,65189.8,3426
19-Dec-2021 00 UTC,67732.22,3542
18-Dec-2021 12 UTC,65709.17,3391
18-Dec-2021 00 UTC,67755.96,3570
17-Dec-2021 12 UTC,68045.43,3573
17-Dec-2021 00 UTC,69022.91,3662
16-Dec-2021 12 UTC,67823.94,3565
16-Dec-2021 00 UTC,69467.37,3653
15-Dec-2021 12 UTC,66790.94,3562
15-Dec-2021 00 UTC,69674.47,3734
14-Dec-2021 12 UTC,67137.32,3573
14-Dec-2021 00 UTC,68222.98,3707
13-Dec-2021 12 UTC,65544.36,3511
13-Dec-2021 00 UTC,67523.87,3543
12-Dec-2021 12 UTC,63935.94,3386
12-Dec-2021 00 UTC,65494.56,3519
11-Dec-2021 12 UTC,62958.51,3349
11-Dec-2021 00 UTC,66396.2,3535
10-Dec-2021 12 UTC,64696.9,3513
10-Dec-2021 00 UTC,67391.63,3635
09-Dec-2021 12 UTC,64602.6,3560
09-Dec-2021 00 UTC,66235.15,3594
08-Dec-2021 12 UTC,64527.99,3525
08-Dec-2021 00 UTC,65043.43,3525
07-Dec-2021 12 UTC,62749.56,3454
07-Dec-2021 00 UTC,64180.17,3555
06-Dec-2021 12 UTC,62703.68,3438
06-Dec-2021 00 UTC,64569.38,3470
04-Dec-2021 12 UTC,63289.61,3420
04-Dec-2021 00 UTC,66495.0,3647
03-Dec-2021 12 UTC,10691.72,613
03-Dec-2021 00 UTC,65638.08,3600
02-Dec-2021 12 UTC,62843.72,3554
02-Dec-2021 00 UTC,64555.44,3539
01-Dec-2021 12 UTC,59624.25,3358
01-Dec-2021 00 UTC,65928.59,3584
30-Nov-2021 12 UTC,63721.89,3543
30-Nov-2021 00 UTC,63939.58,3524
29-Nov-2021 12 UTC,61779.28,3360
29-Nov-2021 00 UTC,63664.24,3425
28-Nov-2021 12 UTC,61451.99,3346
28-Nov-2021 00 UTC,63385.74,3406
27-Nov-2021 12 UTC,60757.83,3348
27-Nov-2021 00 UTC,65104.11,3497
26-Nov-2021 12 UTC,62813.41,3452
26-Nov-2021 00 UTC,64776.63,3497
25-Nov-2021 12 UTC,63107.3,3397
25-Nov-2021 00 UTC,65356.86,3583
24-Nov-2021 12 UTC,63078.67,3463
24-Nov-2021 00 UTC,66191.79,3566
23-Nov-2021 12 UTC,64024.82,3492
23-Nov-2021 00 UTC,64964.92,3552
22-Nov-2021 12 UTC,63477.65,3452
22-Nov-2021 00 UTC,64808.57,3474
21-Nov-2021 12 UTC,62111.32,3328
21-Nov-2021 00 UTC,65099.2,3494
20-Nov-2021 12 UTC,63749.81,3483
20-Nov-2021 00 UTC,66860.66,3630
19-Nov-2021 12 UTC,65251.1,3570
19-Nov-2021 00 UTC,67328.25,3647
18-Nov-2021 12 UTC,65900.27,3568
18-Nov-2021 00 UTC,67363.84,3658
17-Nov-2021 12 UTC,65027.89,3553
17-Nov-2021 00 UTC,66448.18,3668
16-Nov-2021 12 UTC,64786.8,3565
16-Nov-2021 00 UTC,66312.24,3695
15-Nov-2021 12 UTC,65201.1,3574
15-Nov-2021 00 UTC,68131.38,3654
14-Nov-2021 12 UTC,65480.33,3577
14-Nov-2021 00 UTC,66459.74,3639
13-Nov-2021 12 UTC,64666.7,3597
12-Nov-2021 12 UTC,65093.42,3618
12-Nov-2021 00 UTC,66642.32,3747
11-Nov-2021 12 UTC,64972.92,3660
11-Nov-2021 00 UTC,67104.5,3721
10-Nov-2021 12 UTC,64840.07,3608
10-Nov-2021 00 UTC,68089.68,3802
09-Nov-2021 12 UTC,66687.76,3709
09-Nov-2021 00 UTC,67569.44,3765
08-Nov-2021 12 UTC,67898.08,3692
08-Nov-2021 00 UTC,65900.32,3616
06-Nov-2021 12 UTC,68520.81,3667
06-Nov-2021 00 UTC,71779.66,3848
05-Nov-2021 12 UTC,70231.5,3715
05-Nov-2021 00 UTC,71805.98,3784
04-Nov-2021 12 UTC,71703.46,3797
04-Nov-2021 00 UTC,73037.38,3816
03-Nov-2021 12 UTC,69365.8,3634
03-Nov-2021 00 UTC,68945.82,3623
02-Nov-2021 12 UTC,65601.18,3432
02-Nov-2021 00 UTC,68105.83,3551
01-Nov-2021 12 UTC,66695.09,3431
01-Nov-2021 00 UTC,67268.29,3453
31-Oct-2021 12 UTC,65890.48,3336
31-Oct-2021 00 UTC,66639.41,3371
30-Oct-2021 12 UTC,59330.91,3140
30-Oct-2021 00 UTC,55995.13,3018
29-Oct-2021 12 UTC,51406.97,2859
29-Oct-2021 00 UTC,55446.57,2916
28-Oct-2021 12 UTC,54577.57,2829
28-Oct-2021 00 UTC,55471.06,2912
27-Oct-2021 12 UTC,56023.99,2901
27-Oct-2021 00 UTC,55773.79,2939
26-Oct-2021 12 UTC,55229.3,2902
26-Oct-2021 00 UTC,56331.82,2956
25-Oct-2021 12 UTC,54522.16,2849
25-Oct-2021 00 UTC,55244.34,2837
24-Oct-2021 12 UTC,54253.68,2777
24-Oct-2021 00 UTC,56118.57,2852
23-Oct-2021 12 UTC,54696.07,2856
23-Oct-2021 00 UTC,61611.85,2876
22-Oct-2021 12 UTC,60816.99,2911
22-Oct-2021 00 UTC,63470.11,3032
21-Oct-2021 12 UTC,63840.03,3025
21-Oct-2021 00 UTC,64578.24,3032
20-Oct-2021 12 UTC,63711.66,3001
20-Oct-2021 00 UTC,65271.45,3046
19-Oct-2021 12 UTC,62875.88,3050
19-Oct-2021 00 UTC,63551.62,3026
18-Oct-2021 12 UTC,62151.66,2958
18-Oct-2021 00 UTC,64390.12,2988
17-Oct-2021 12 UTC,62555.31,2968
17-Oct-2021 00 UTC,63746.27,3000
16-Oct-2021 12 UTC,62802.77,2995
16-Oct-2021 00 UTC,66449.57,3111
15-Oct-2021 12 UTC,69687.81,3425
15-Oct-2021 00 UTC,84430.66,3690
14-Oct-2021 12 UTC,77838.56,3539
14-Oct-2021 00 UTC,84972.58,3713
13-Oct-2021 12 UTC,84455.98,3661
13-Oct-2021 00 UTC,85769.85,3689
12-Oct-2021 12 UTC,85503.55,3661
12-Oct-2021 00 UTC,87012.99,3679
11-Oct-2021 12 UTC,86473.49,3674
11-Oct-2021 00 UTC,88498.52,3625
10-Oct-2021 12 UTC,87241.48,3603
10-Oct-2021 00 UTC,89093.33,3709
09-Oct-2021 12 UTC,89876.21,3703
09-Oct-2021 00 UTC,90190.76,3741
08-Oct-2021 12 UTC,90244.27,3789
08-Oct-2021 00 UTC,91263.41,3809
07-Oct-2021 12 UTC,91971.12,3896
07-Oct-2021 00 UTC,97840.81,3990
06-Oct-2021 12 UTC,96901.97,3957
06-Oct-2021 00 UTC,98404.86,4052
05-Oct-2021 12 UTC,95136.74,3974
05-Oct-2021 00 UTC,97610.36,4076
04-Oct-2021 12 UTC,96371.89,3951
04-Oct-2021 00 UTC,95837.83,4019
03-Oct-2021 12 UTC,95784.19,3937
03-Oct-2021 00 UTC,97730.22,4021
02-Oct-2021 12 UTC,94199.73,3939
02-Oct-2021 00 UTC,96122.25,3991
01-Oct-2021 12 UTC,95698.64,4012
01-Oct-2021 00 UTC,98094.44,4084
30-Sep-2021 12 UTC,96980.39,4046
30-Sep-2021 00 UTC,99926.28,4084
29-Sep-2021 12 UTC,98225.46,4043
29-Sep-2021 00 UTC,99625.03,4076
28-Sep-2021 12 UTC,97691.72,4029
28-Sep-2021 00 UTC,100580.79,4054
27-Sep-2021 12 UTC,99130.46,3981
27-Sep-2021 00 UTC,101153.63,4054
26-Sep-2021 12 UTC,100432.1,4041
26-Sep-2021 00 UTC,102524.64,4071
25-Sep-2021 12 UTC,99957.92,4051
25-Sep-2021 00 UTC,103862.44,4189
24-Sep-2021 12 UTC,104276.67,4203
24-Sep-2021 00 UTC,95409.97,4072
23-Sep-2021 12 UTC,102773.29,4203
23-Sep-2021 00 UTC,105223.7,4312
22-Sep-2021 12 UTC,105072.15,4327
22-Sep-2021 00 UTC,108915.97,4470
21-Sep-2021 12 UTC,106202.36,4360
21-Sep-2021 00 UTC,105576.19,4413
20-Sep-2021 12 UTC,103714.34,4292
20-Sep-2021 00 UTC,103642.35,4310
19-Sep-2021 12 UTC,103615.06,4368
19-Sep-2021 00 UTC,105173.29,4382
18-Sep-2021 12 UTC,104044.29,4363
18-Sep-2021 00 UTC,103584.37,4424
17-Sep-2021 12 UTC,103624.8,4410
17-Sep-2021 00 UTC,104034.5,4444
16-Sep-2021 12 UTC,101600.52,4394
16-Sep-2021 00 UTC,105133.93,4487
15-Sep-2021 12 UTC,102387.84,4326
15-Sep-2021 00 UTC,104474.69,4431
14-Sep-2021 12 UTC,104302.07,4373
14-Sep-2021 00 UTC,103437.0,4393
13-Sep-2021 12 UTC,99695.38,4273
13-Sep-2021 0:UTC, 101879.51, 4352
12-Sep-2021 12:UTC, Unknown, Unknown
12-Sep-2021 0:UTC, Unknown, Unknown
11-Sep-2021 12:UTC, Unknown, Unknown
11-Sep-2021 0:UTC, Unknown, Unknown
10-Sep-2021 12:UTC, 99436.48,  4416
10-Sep-2021 0:UTC,Unknown,  Unknown
09-Sep-2021 12:UTC, 99436.48,  4416
09-Sep-2021 12:UTC, 99436.48,  4416
09-Sep-2021 0:UTC,101701.61,  4539
08-Sep-2021 12:UTC,103199.80,  4507
08-Sep-2021 0:UTC,Unknown,  Unknown
07-Sep-2021 12:UTC,103982.21,  4607
07-Sep-2021 0:UTC,106586.03,  4711
06-Sep-2021 12:UTC,104799.94,  4622
06-Sep-2021 0:UTC,105382.40,  4688
05-Sep-2021 12:UTC,104187.94,  4544
05-Sep-2021 0:UTC,105485.33,  4640
04-Sep-2021 12:UTC,102280.22,  4484
04-Sep-2021 0:UTC,107170.48,  4730
03-Sep-2021 12:UTC,104562.76,  4613
03-Sep-2021 0:UTC,105728.98,  4575
02-Sep-2021 12:UTC,Unknown,  Unknown
02-Sep-2021 0:UTC,106028.58,  4770
01-Sep-2021 12:UTC,105494.19,  4747
01-Sep-2021 0:UTC,106980.50,  4833
31-Aug-2021 12:UTC,104763.94,  4722
31-Aug-2021 0:UTC,107879.59,  4833
30-Aug-2021 12:UTC,103599.46,  4708
30-Aug-2021 0:UTC,106341.01,  4761
29-Aug-2021 12:UTC,104872.08,  4624
29-Aug-2021 0:UTC,105317.38,  4674
28-Aug-2021 12:UTC, 94721.01,  4442
28-Aug-2021 0:UTC,110920.25,  4877
27-Aug-2021 12:UTC,107502.03,  4765
27-Aug-2021 0:UTC,112688.39,  4940
26-Aug-2021 12:UTC,110066.53,  4785
26-Aug-2021 0:UTC,119584.87,  5021
25-Aug-2021 12:UTC,107116.06,  4802
25-Aug-2021 0:UTC,110304.50,  4860
24-Aug-2021 12:UTC,112755.88,  4802
24-Aug-2021 0:UTC,112851.30,  4986
23-Aug-2021 12:UTC,117641.05,  4819
23-Aug-2021 0:UTC,116838.33,  4770
22-Aug-2021 12:UTC,117187.20,  4794
22-Aug-2021 0:UTC,118141.26,  4906
21-Aug-2021 12:UTC,114507.04,  4832
21-Aug-2021 0:UTC,Unknown, Unknown
20-Aug-2021 12:UTC,115854.29,  4969
20-Aug-2021 0:UTC,117758.10,  4981
19-Aug-2021 12:UTC,117222.58,  4976
19-Aug-2021 0:UTC,116671.80,  4993
18-Aug-2021 12:UTC,116472.66,  5083
18-Aug-2021 0:UTC,119819.98,  5158
17-Aug-2021 12:UTC,117930.28,  5131
17-Aug-2021 0:UTC,199044.17,  6172
16-Aug-2021 12:UTC,109254.35,  5047
16-Aug-2021 0:UTC,107784.30,  5055
15-Aug-2021 12:UTC,108494.21,  5037
15-Aug-2021 0:UTC,173222.46,  6259
14-Aug-2021 12:UTC,        0,     0
14-Aug-2021 0:UTC,113611.29,  5198
13-Aug-2021 12:UTC,111289.31,  5194
13-Aug-2021 0:UTC,113373.62,  5310
12-Aug-2021 12:UTC,112670.49,  5281
12-Aug-2021 0:UTC,115391.07,  5397
11-Aug-2021 12:UTC,113588.65,  5242
11-Aug-2021 0:UTC,171561.33,  5547
10-Aug-2021 12:UTC, 12014.11,   611
10-Aug-2021 0:UTC, 95305.76,  5310
09-Aug-2021 12:UTC, 80716.54,  2542
09-Aug-2021 0:UTC,129490.94,  5189
08-Aug-2021 12:UTC,127361.08,  4955
08-Aug-2021 0:UTC,132162.83,  5184
07-Aug-2021 12:UTC,145820.96,  5023
07-Aug-2021 0:UTC,155652.97,  5449
06-Aug-2021 12:UTC,152766.60,  5148
06-Aug-2021 0:UTC,162081.58,  5501
05-Aug-2021 12:UTC,159942.46,  5390
05-Aug-2021 0:UTC,158506.20,  5224
04-Aug-2021 12:UTC,135675.44,  4137
04-Aug-2021 0:UTC,167805.12,  5726
03-Aug-2021 12:UTC,165550.65,  5651
03-Aug-2021 0:UTC,170376.97,  5870
02-Aug-2021 12:UTC,168972.94,  5727
02-Aug-2021 0:UTC,170103.88,  5742
01-Aug-2021 12:UTC,169357.15,  5703
01-Aug-2021 0:UTC,169466.86,  5773
31-Jul-2021 12:UTC,166554.14,  5712
31-Jul-2021 0:UTC,Unknown,  Unknown
30-Jul-2021 12:UTC,166713.37,  5713
30-Jul-2021 0:UTC,165981.50,  5651
29-Jul-2021 12:UTC,162241.06,  5596
29-Jul-2021 0:UTC,167486.18,  5825
28-Jul-2021 12:UTC,161137.95,  5603
28-Jul-2021 0:UTC,162774.33,  5634
27-Jul-2021 12:UTC,162739.29,  5579
27-Jul-2021 0:UTC,169411.71,  5809
26-Jul-2021 12:UTC,164206.21,  5681
26-Jul-2021 0:UTC,166785.79,  5685
25-Jul-2021 12:UTC,166311.51,  5634
25-Jul-2021 0:UTC,170208.07,  5824
24-Jul-2021 12:UTC,170780.64,  5939
24-Jul-2021 0:UTC,168515.04,  5905
23-Jul-2021 12:UTC,168891.70,  5919
23-Jul-2021 0:UTC,172315.84,  6137
22-Jul-2021 12:UTC,173594.63,  6117
22-Jul-2021 0:UTC,173729.75,  6127
21-Jul-2021 12:UTC,177084.90,  6165
21-Jul-2021 0:UTC,187363.31,  6391
20-Jul-2021 12:UTC,179866.21,  6286
20-Jul-2021 0:UTC,186240.91,  6356
19-Jul-2021 12:UTC,182974.82,  6184
19-Jul-2021 0:UTC,186710.13,  6235
18-Jul-2021 12:UTC,187309.61,  6211
18-Jul-2021 0:UTC,189684.72,  6252
17-Jul-2021 12:UTC,176495.08,  6203
17-Jul-2021 0:UTC,179826.33,  6413
16-Jul-2021 12:UTC,177283.87,  6455
16-Jul-2021 0:UTC,180440.54,  6465
15-Jul-2021 12:UTC,171821.02,  6300
15-Jul-2021 0:UTC,183686.36,  6608
14-Jul-2021 12:UTC,180632.66,  6556
14-Jul-2021 0:UTC,180149.01,  6485
13-Jul-2021 12:UTC,178323.23,  6444
13-Jul-2021 0:UTC,194248.31,  6903
12-Jul-2021 12:UTC,145846.77,  5107
12-Jul-2021 0:UTC,Unknown,  Unknown
11-Jul-2021 12:UTC,178807.13,  6217
11-Jul-2021 0:UTC,183880.74,  6352
10-Jul-2021 12:UTC,180280.06,  6353
10-Jul-2021 0:UTC,185023.78,  6735
09-Jul-2021 12:UTC,180450.13,  6618
09-Jul-2021 0:UTC,187316.64,  6702
08-Jul-2021 12:UTC,184039.85,  6511
08-Jul-2021 0:UTC,185749.86,  6670
07-Jul-2021 12:UTC,180349.94,  6641
07-Jul-2021 0:UTC,180518.13,  6751
06-Jul-2021 12:UTC,183139.51,  6836
06-Jul-2021 0:UTC,183792.64,  6833
05-Jul-2021 12:UTC,180192.78,  6812
05-Jul-2021 0:UTC,186127.68,  6927
04-Jul-2021 12:UTC,174767.51,  6224
04-Jul-2021 0:UTC,166176.08,  5701
03-Jul-2021 12:UTC,176020.18,  6535
03-Jul-2021 0:UTC,185950.10,  6966
02-Jul-2021 12:UTC,176296.51,  6417
02-Jul-2021 0:UTC,184550.33,  6906
01-Jul-2021 12:UTC,172288.33,  6515
01-Jul-2021 0:UTC,191832.26,  7188
30-Jun-2021 12:UTC,183132.92,  6769
30-Jun-2021 0:UTC,193742.05,  6848
29-Jun-2021 12:UTC,182252.11,  6325
29-Jun-2021 0:UTC,191577.95,  6941
28-Jun-2021 12:UTC,183414.67,  7130
28-Jun-2021 0:UTC,180593.34,  6952
27-Jun-2021 12:UTC,167159.47,  6304
27-Jun-2021 0:UTC,186971.19,  6996
26-Jun-2021 12:UTC,181651.83,  6735
26-Jun-2021 0:UTC,143963.27,  6750
25-Jun-2021 12:UTC,138749.94,  6941
25-Jun-2021 0:UTC,187358.98,  7882
24-Jun-2021 12:UTC,217010.96,  7493
24-Jun-2021 0:UTC,309011.51, 11045
23-Jun-2021 12:UTC,292038.42, 10025
23-Jun-2021 0:UTC,294791.31, 10221
22-Jun-2021 12:UTC,289243.58, 11255
22-Jun-2021 0:UTC,243429.14, 11517
21-Jun-2021 12:UTC,234925.39,  9257
21-Jun-2021 0:UTC,244084.44,  9733
20-Jun-2021 12:UTC,226676.76,  8493
20-Jun-2021 0:UTC,259585.13,  9676
19-Jun-2021 12:UTC,273592.40,  8940
19-Jun-2021 0:UTC,302208.09,  9714
18-Jun-2021 12:UTC,276146.85,  8938
18-Jun-2021 0:UTC,300457.40,  9482
17-Jun-2021 12:UTC,298739.88,  9325
17-Jun-2021 0:UTC,319235.27, 10054
16-Jun-2021 12:UTC,309220.75,  9591
16-Jun-2021 0:UTC,312599.12,  9629
15-Jun-2021 12:UTC,310176.61,  9284
15-Jun-2021 0:UTC,320369.74, 10002
14-Jun-2021 12:UTC,295250.13,  8878
14-Jun-2021 0:UTC,313300.91,  9476
13-Jun-2021 12:UTC,304399.60,  9280
13-Jun-2021 0:UTC,312198.85,  9629
12-Jun-2021 12:UTC,303998.66,  9329
12-Jun-2021 0:UTC,315261.55,  9804
11-Jun-2021 12:UTC,308671.38,  9775
11-Jun-2021 0:UTC,316467.27,  9562
10-Jun-2021 12:UTC,287135.91,  8506
10-Jun-2021 0:UTC,318330.44,  9804
09-Jun-2021 12:UTC,308049.40,  9446
09-Jun-2021 0:UTC,307067.96,  9277
08-Jun-2021 12:UTC,317728.62,  9807
08-Jun-2021 0:UTC,312805.86,  9679
07-Jun-2021 12:UTC,304515.83,  9446
07-Jun-2021 0:UTC,375604.44,  9442
06-Jun-2021 12:UTC,145642.30,  4470
06-Jun-2021 0:UTC,385249.07,  9286
05-Jun-2021 12:UTC,130030.74,  1986
05-Jun-2021 0:UTC, 76511.26,  2386
04-Jun-2021 12:UTC,302151.24,  9545
04-Jun-2021 0:UTC,306792.66,  9725
03-Jun-2021 12:UTC,297658.59,  9359
03-Jun-2021 0:UTC,327659.78,  9866
02-Jun-2021 12:UTC,322314.82,  9677
02-Jun-2021 0:UTC,320505.76,  9399
01-Jun-2021 12:UTC,314813.13,  9521
01-Jun-2021 0:UTC,321557.01,  9578
31-May-2021 12:UTC,307714.69, 9280 (66)
31-May-2021 0:UTC,313994.70, 9480 (89)
30-May-2021 12:UTC,304681.88, 9112 (134)
30-May-2021 0:UTC,307321.99, 9193 (122)
29-May-2021 12:UTC,292354.13, 8868 (126)
29-May-2021 0:UTC,306713.57, 9438 (161)
28-May-2021 12:UTC,289602.21, 8939 (127)
28-May-2021 0:UTC,301379.32, 9434 (234)
27-May-2021 12:UTC,263317.62, 8023 (213)
27-May-2021 0:UTC,443912.67,11712 (355)
26-May-2021 12:UTC,        0,     0
26-May-2021 0:UTC,315592.33,  9912
25-May-2021 12:UTC,409878.67,  9702
25-May-2021 0:UTC,        0,     0
24-May-2021 12:UTC,309875.06,  9541
24-May-2021 0:UTC,318870.22,  9512
23-May-2021 12:UTC,436799.97,  9748
23-May-2021 0:UTC,        0,     0
22-May-2021 12:UTC,311415.37,  9643
22-May-2021 0:UTC,311228.99,  9974
21-May-2021 12:UTC,322964.56, 10109
21-May-2021 0:UTC,328833.78, 10312
20-May-2021 12:UTC,315439.54,  9689
20-May-2021 0:UTC,312812.64,  9825
19-May-2021 12:UTC,295443.88,  9287
19-May-2021 0:UTC,307127.32,  9945
18-May-2021 12:UTC,299222.07,  9414
18-May-2021 0:UTC,299862.41,  9373
17-May-2021 12:UTC,273165.19,  8906
17-May-2021 0:UTC,288783.53,  9269
16-May-2021 12:UTC,258893.26,  8329
16-May-2021 0:UTC,274622.74,  8803
15-May-2021 12:UTC,258291.30,  8771
15-May-2021 0:UTC,265879.82,  8713
14-May-2021 12:UTC,209728.77,  7245
14-May-2021 0:UTC,264476.69,  8711
13-May-2021 12:UTC,243834.84,  7974
13-May-2021 0:UTC,257303.88,  8338
12-May-2021 12:UTC,237559.46,  7780
12-May-2021 0:UTC,253939.66,  8359
11-May-2021 12:UTC,238809.02,  7766
11-May-2021 0:UTC,246945.97,  7923
10-May-2021 12:UTC,242639.34,  8000
10-May-2021 0:UTC,238908.12,  7876
09-May-2021 12:UTC,322268.32,  8904
